Origin,Month,origin_temp_c,origin_dewpt_c,origin_slp_hpa,origin_wind_ms,origin_precip_mm
ABE,1,1.7,-4.4,1017.2,3.1,0.0
ABE,2,1.7,-5.6,1017.1,3.1,0.0
ABE,3,6.1,-3.3,1015.5,3.6,0.0
ABE,4,11.7,2.8,1016.4,3.6,0.0
ABE,5,16.7,8.3,1014.9,2.6,0.0
ABE,6,21.95,14.4,1014.05,3.1,0.0
ABE,7,25.6,18.9,1014.7,2.1,0.0
ABE,8,22.8,16.7,1015.0,2.6,0.0
ABE,9,18.9,12.8,1017.9,2.6,0.0
ABE,10,13.9,6.1,1017.7,2.6,0.0
ABE,11,7.2,-0.6,1018.6,2.6,0.0
ABE,12,2.8,-3.3,1021.3,3.1,0.0
ABI,1,7.2,-2.2,1020.45,4.1,0.0
ABI,2,11.1,1.1,1016.6,4.6,0.0
ABI,3,15.6,4.15,1012.9,5.1,0.0
ABI,4,20.0,8.3,1011.9,5.7,0.0
ABI,5,22.8,16.1,1010.1,4.6,0.0
ABI,6,27.8,20.0,1010.8,5.1,0.0
ABI,7,28.9,18.9,1014.1,4.1,0.0
ABI,8,31.1,16.7,1013.6,3.6,0.0
ABI,9,26.7,17.2,1013.0,3.6,0.0
ABI,10,21.1,11.7,1016.6,4.1,0.0
ABI,11,15.0,7.2,1017.5,4.1,0.0
ABI,12,11.1,1.1,1020.0999999999999,3.6,0.0
ABQ,1,2.8,-7.8,1018.9,2.6,0.0
ABQ,2,7.2,-7.8,1017.2,3.1,0.0
ABQ,3,9.4,-6.1,1012.6,3.6,0.0
ABQ,4,15.6,-6.7,1011.6,3.6,0.0
ABQ,5,20.6,-2.2,1009.6,3.1,0.0
ABQ,6,26.0,3.9,1009.7,3.1,0.0
ABQ,7,27.8,9.4,1012.6,2.6,0.0
ABQ,8,27.8,10.6,1014.4,3.1,0.0
ABQ,9,23.3,5.6,1013.6,2.6,0.0
ABQ,10,18.3,0.0,1016.2,2.6,0.0
ABQ,11,7.8,-3.3,1018.8,2.6,0.0
ABQ,12,6.1,-6.7,1021.9,2.1,0.0
ABR,1,-8.9,-11.7,1020.5,4.1,0.0
ABR,2,-6.1,-8.9,1017.0,4.1,0.0
ABR,3,-2.5,-7.2,1015.7,5.1,0.0
ABR,4,5.6,-1.1,1014.75,5.1,0.0
ABR,5,14.7,6.1,1012.9,4.6,0.0
ABR,6,19.4,13.3,1010.8,4.1,0.0
ABR,7,21.7,15.6,1013.45,3.1,0.0
ABR,8,21.7,16.1,1014.7,3.6,0.0
ABR,9,20.3,11.95,1013.9,3.6,0.0
ABR,10,10.6,2.8,1016.2,4.6,0.0
ABR,11,2.2,-3.3,1017.0,3.6,0.0
ABR,12,-1.7,-5.0,1018.45,4.1,0.0
ABY,1,,,,,
ABY,2,,,,,
ABY,3,,,,,
ABY,4,,,,,
ABY,5,,,,,
ABY,6,,,,,
ABY,7,,,,,
ABY,8,,,,,
ABY,9,,,,,
ABY,10,,,,,
ABY,11,,,,,
ABY,12,,,,,
ACK,5,,,,,
ACK,6,,,,,
ACK,7,,,,,
ACK,8,,,,,
ACK,9,,,,,
ACK,10,,,,,
ACT,1,7.8,1.1,1021.4,3.6,0.0
ACT,2,11.7,5.6,1018.2,4.6,0.0
ACT,3,17.2,11.399999999999999,1014.3,4.6,0.0
ACT,4,20.0,14.4,1013.5,4.6,0.0
ACT,5,23.9,18.9,1011.8,3.6,0.0
ACT,6,28.05,22.2,1011.6500000000001,4.6,0.0
ACT,7,28.6,21.7,1015.1,4.1,0.0
ACT,8,31.1,20.0,1013.9,4.1,0.0
ACT,9,26.7,20.0,1013.0,3.6,0.0
ACT,10,22.2,13.3,1016.55,3.8499999999999996,0.0
ACT,11,15.6,9.4,1018.2,3.1,0.0
ACT,12,11.7,4.4,1021.3,3.1,0.0
ACV,1,,,,,
ACV,2,,,,,
ACV,3,,,,,
ACV,4,,,,,
ACV,5,,,,,
ACV,6,,,,,
ACV,7,,,,,
ACV,8,,,,,
ACV,9,,,,,
ACV,10,,,,,
ACV,11,,,,,
ACV,12,,,,,
ACY,1,,,,,
ACY,2,,,,,
ACY,3,,,,,
ACY,4,,,,,
ACY,5,,,,,
ACY,6,,,,,
ACY,7,,,,,
ACY,8,,,,,
ACY,9,,,,,
ACY,10,,,,,
ACY,11,,,,,
ACY,12,,,,,
ADK,1,2.2,0.0,999.2,8.2,0.0
ADK,2,2.2,-0.8500000000000001,997.6500000000001,5.7,0.0
ADK,3,3.3,0.0,1010.3,5.95,0.0
ADK,4,4.4,0.3,1014.5999999999999,6.7,0.0
ADK,5,5.6,2.2,1012.5,6.7,0.0
ADK,6,7.2,5.0,1007.75,5.1,0.0
ADK,7,11.7,9.4,1016.3,6.2,0.0
ADK,8,11.649999999999999,8.9,1012.35,6.2,0.0
ADK,9,10.6,7.8,1016.3,6.7,0.0
ADK,10,7.8,5.0,1010.7,7.2,0.0
ADK,11,5.6,3.3,1004.2,6.2,0.0
ADK,12,2.2,-1.7,998.95,6.7,0.0
ADQ,1,2.2,0.0,1002.8,4.1,0.0
ADQ,2,2.2,-1.1,1004.3,4.6,0.0
ADQ,3,1.7,-2.8,1002.5,4.6,0.0
ADQ,4,3.9,-0.6,1008.05,4.6,0.0
ADQ,5,6.7,3.9,1008.4,4.1,0.0
ADQ,6,9.4,7.2,1013.7,4.1,0.0
ADQ,7,11.7,10.0,1016.3499999999999,3.1,0.0
ADQ,8,12.2,10.0,1012.8499999999999,3.1,0.0
ADQ,9,10.0,5.6,1005.2,3.1,0.0
ADQ,10,7.2,1.7,1004.95,4.6,0.0
ADQ,11,3.9,-3.3,1000.05,4.6,0.0
ADQ,12,2.2,-0.6,994.9,3.6,0.0
AEX,1,,,,,
AEX,2,,,,,
AEX,3,,,,,
AEX,4,,,,,
AEX,5,,,,,
AEX,6,,,,,
AEX,7,,,,,
AEX,8,,,,,
AEX,9,,,,,
AEX,10,,,,,
AEX,11,,,,,
AEX,12,,,,,
AGS,1,9.4,0.6,1020.0,2.6,0.0
AGS,2,12.8,4.15,1019.45,2.6,0.0
AGS,3,15.0,6.7,1016.7,3.1,0.0
AGS,4,20.0,11.1,1018.0,3.1,0.0
AGS,5,21.7,16.7,1014.4,2.6,0.0
AGS,6,25.6,19.4,1013.1,2.1,0.0
AGS,7,27.8,22.2,1015.9,2.1,0.0
AGS,8,26.7,21.7,1014.8,2.1,0.0
AGS,9,23.9,17.8,1015.5,2.6,0.0
AGS,10,18.9,12.8,1018.7,2.1,0.0
AGS,11,13.9,8.3,1018.7,2.1,0.0
AGS,12,10.6,1.7,1022.4,2.1,0.0
AKN,4,6.1,-1.1,1009.1,4.35,0.0
AKN,5,8.3,2.2,1007.7,5.1,0.0
AKN,6,13.9,6.1,1010.7,5.1,0.0
AKN,7,15.6,10.6,1013.5,4.6,0.0
AKN,8,14.4,10.6,1011.7,5.1,0.0
AKN,9,10.0,6.1,1004.8,5.1,0.0
ALB,1,0.0,-5.6,1016.0,3.6,0.0
ALB,2,0.0,-7.2,1016.8,4.1,0.0
ALB,3,3.9,-3.9,1015.5,4.1,0.0
ALB,4,10.0,1.1,1017.0,3.6,0.0
ALB,5,16.7,8.3,1014.7,3.1,0.0
ALB,6,21.7,13.9,1014.1,3.1,0.0
ALB,7,25.6,18.9,1014.7,2.6,0.0
ALB,8,22.2,16.1,1015.0,2.6,0.0
ALB,9,19.4,12.8,1018.5,2.1,0.0
ALB,10,13.9,6.7,1018.2,2.6,0.0
ALB,11,5.6,-1.7,1016.9,3.6,0.0
ALB,12,1.7,-3.3,1020.5,2.6,0.0
ALO,1,-3.05,-5.6,1019.1,4.35,0.0
ALO,2,1.1,-5.0,1015.4,5.95,0.0
ALO,6,22.8,18.3,1012.6,4.1,0.0
ALO,7,22.8,20.0,1014.8499999999999,3.1,0.0
ALW,1,,,,,
ALW,2,,,,,
ALW,3,,,,,
ALW,4,,,,,
ALW,5,,,,,
ALW,6,,,,,
ALW,7,,,,,
ALW,8,,,,,
ALW,9,,,,,
ALW,10,,,,,
ALW,11,,,,,
ALW,12,,,,,
AMA,1,2.2,-6.7,1019.2,5.1,0.0
AMA,2,7.2,-6.1,1015.6,6.2,0.0
AMA,3,11.1,-3.3,1011.4,6.2,0.0
AMA,4,15.0,0.0,1012.5,6.7,0.0
AMA,5,20.0,9.4,1010.6,5.7,0.0
AMA,6,25.6,15.6,1010.4,5.7,0.0
AMA,7,28.3,15.6,1013.1,5.7,0.0
AMA,8,30.6,13.3,1013.1,5.1,0.0
AMA,9,25.6,10.0,1013.0,5.1,0.0
AMA,10,19.4,3.3,1015.8,5.7,0.0
AMA,11,10.6,0.0,1016.7,5.1,0.0
AMA,12,7.2,-3.9,1018.9,5.1,0.0
ANC,1,-5.0,-7.8,1005.1,2.1,0.0
ANC,2,-5.0,-7.8,1007.2,2.1,0.0
ANC,3,-1.7,-6.1,1005.7,2.1,0.0
ANC,4,2.8,-2.8,1008.8,2.1,0.0
ANC,5,8.9,2.2,1009.7,2.6,0.0
ANC,6,13.3,7.2,1014.0,2.6,0.0
ANC,7,15.0,10.0,1016.6,2.6,0.0
ANC,8,13.9,10.6,1013.4,2.1,0.0
ANC,9,10.0,6.7,1005.5,2.1,0.0
ANC,10,2.8,-1.1,1006.7,2.1,0.0
ANC,11,-2.2,-4.4,1002.3,1.5,0.0
ANC,12,-6.1,-8.3,998.3,2.1,0.0
APN,1,,,,,
APN,2,,,,,
APN,3,,,,,
APN,4,,,,,
APN,5,,,,,
APN,6,,,,,
APN,7,,,,,
APN,8,,,,,
APN,9,,,,,
APN,10,,,,,
APN,11,,,,,
APN,12,,,,,
ASE,1,,,,,
ASE,2,,,,,
ASE,3,,,,,
ASE,4,,,,,
ASE,5,,,,,
ASE,6,,,,,
ASE,7,,,,,
ASE,8,,,,,
ASE,9,,,,,
ASE,10,,,,,
ASE,11,,,,,
ASE,12,,,,,
ATL,1,8.3,-0.6,1020.8,3.6,0.0
ATL,2,13.3,3.3,1019.7,3.6,0.0
ATL,3,16.1,5.0,1016.8,3.6,0.0
ATL,4,19.4,11.1,1018.3,3.6,0.0
ATL,5,22.8,16.1,1015.2,3.6,0.0
ATL,6,26.7,18.9,1014.5,3.6,0.0
ATL,7,28.9,21.1,1016.9,3.1,0.0
ATL,8,28.3,20.6,1015.7,3.6,0.0
ATL,9,24.4,17.2,1015.8,3.6,0.0
ATL,10,20.6,12.2,1019.0,3.6,0.0
ATL,11,15.6,7.8,1019.3,3.6,0.0
ATL,12,10.0,0.6,1023.3,3.6,0.0
ATW,1,,,,,
ATW,2,,,,,
ATW,3,,,,,
ATW,4,,,,,
ATW,5,,,,,
ATW,6,,,,,
ATW,7,,,,,
ATW,8,,,,,
ATW,9,,,,,
ATW,10,,,,,
ATW,11,,,,,
ATW,12,,,,,
AUS,1,,,,,
AUS,2,,,,,
AUS,3,,,,,
AUS,4,,,,,
AUS,5,,,,,
AUS,6,,,,,
AUS,7,,,,,
AUS,8,,,,,
AUS,9,,,,,
AUS,10,,,,,
AUS,11,,,,,
AUS,12,,,,,
AVL,1,5.0,-3.9,1019.1,3.6,0.0
AVL,2,10.0,-0.6,1018.3,3.6,0.0
AVL,3,12.2,0.6,1015.6,3.6,0.0
AVL,4,16.1,7.8,1018.0,3.6,0.0
AVL,5,19.4,13.3,1015.4,2.6,0.0
AVL,6,23.9,16.7,1014.9,2.6,0.0
AVL,7,26.1,19.4,1017.3,2.6,0.0
AVL,8,25.0,18.3,1016.1,2.6,0.0
AVL,9,21.7,15.6,1017.6,2.1,0.0
AVL,10,17.8,8.3,1018.7,2.6,0.0
AVL,11,12.2,2.8,1019.4,3.1,0.0
AVL,12,7.8,-2.2,1021.3499999999999,3.1,0.0
AVP,1,,,,,
AVP,2,,,,,
AVP,3,,,,,
AVP,4,,,,,
AVP,5,,,,,
AVP,6,,,,,
AVP,7,,,,,
AVP,8,,,,,
AVP,9,,,,,
AVP,10,,,,,
AVP,11,,,,,
AVP,12,,,,,
AZO,1,,,,,
AZO,2,,,,,
AZO,3,,,,,
AZO,4,,,,,
AZO,5,,,,,
AZO,6,,,,,
AZO,7,,,,,
AZO,8,,,,,
AZO,9,,,,,
AZO,10,,,,,
AZO,11,,,,,
AZO,12,,,,,
BDL,1,,,,,
BDL,2,,,,,
BDL,3,,,,,
BDL,4,,,,,
BDL,5,,,,,
BDL,6,,,,,
BDL,7,,,,,
BDL,8,,,,,
BDL,9,,,,,
BDL,10,,,,,
BDL,11,,,,,
BDL,12,,,,,
BET,1,-10.3,-12.2,1004.95,5.7,0.0
BET,2,-6.95,-8.3,1004.7,5.7,0.0
BET,3,-8.3,-10.6,1008.25,6.2,0.0
BET,4,-0.8500000000000001,-3.05,1010.0,5.7,0.0
BET,5,6.7,1.1,1008.0,5.7,0.0
BET,6,13.3,7.2,1010.1500000000001,4.6,0.0
BET,7,13.3,10.0,1014.8499999999999,4.6,0.0
BET,8,11.7,9.4,1010.2,5.4,0.0
BET,9,8.3,5.6,1007.05,4.6,0.0
BET,10,0.6,-1.1,1009.7,4.1,0.0
BET,11,-5.6,-6.95,1005.6,4.85,0.0
BET,12,-10.3,-12.2,996.05,5.7,0.0
BFF,1,,,,,
BFF,2,,,,,
BFF,3,,,,,
BFF,4,,,,,
BFF,5,,,,,
BFF,6,,,,,
BFF,7,,,,,
BFF,8,,,,,
BFF,9,,,,,
BFF,10,,,,,
BFF,11,,,,,
BFF,12,,,,,
BFL,1,10.0,3.9,1021.1,2.1,0.0
BFL,2,11.1,5.0,1018.5,2.1,0.0
BFL,3,12.2,5.6,1016.8,2.1,0.0
BFL,4,15.6,6.1,1015.6,2.6,0.0
BFL,5,21.1,7.2,1012.5,2.6,0.0
BFL,6,25.6,8.9,1010.75,2.6,0.0
BFL,7,30.0,10.6,1011.5,2.6,0.0
BFL,8,27.8,11.1,1012.5,2.1,0.0
BFL,9,23.9,11.1,1011.5,2.1,0.0
BFL,10,20.6,8.3,1014.4,2.1,0.0
BFL,11,12.8,2.8,1018.3,2.1,0.0
BFL,12,10.6,6.1,1021.1,1.5,0.0
BGM,1,-1.1,-4.4,1015.9,3.6,0.0
BGM,2,-1.7,-6.1,1015.4,3.6,0.0
BGM,3,0.6,-4.4,1015.7,4.1,0.0
BGM,4,7.8,1.7,1015.7,3.1,0.0
BGM,5,13.3,6.7,1016.0,3.1,0.0
BGM,6,18.3,13.3,1014.1,3.1,0.0
BGM,7,21.1,17.2,1014.9,2.6,0.0
BGM,8,18.05,15.6,1015.0,2.6,0.0
BGM,9,17.8,11.7,1018.6,2.6,0.0
BGM,10,12.8,5.6,1017.4,3.1,0.0
BGM,11,4.4,-1.7,1017.3,4.1,0.0
BGM,12,0.6,-3.9,1018.2,3.6,0.0
BGR,1,,,,,
BGR,2,,,,,
BGR,3,,,,,
BGR,4,,,,,
BGR,5,,,,,
BGR,6,,,,,
BGR,7,,,,,
BGR,8,,,,,
BGR,9,,,,,
BGR,10,,,,,
BGR,11,,,,,
BGR,12,,,,,
BHM,1,8.3,-0.6,1022.1,3.1,0.0
BHM,2,13.9,3.9,1020.0,3.6,0.0
BHM,3,16.7,6.1,1017.2,3.6,0.0
BHM,4,19.4,11.7,1018.8,3.6,0.0
BHM,5,23.3,17.2,1015.2,3.1,0.0
BHM,6,26.7,19.4,1015.1,2.6,0.0
BHM,7,28.3,21.7,1017.2,2.6,0.0
BHM,8,28.9,20.6,1016.3,2.1,0.0
BHM,9,25.0,17.2,1015.8,2.6,0.0
BHM,10,20.0,11.7,1019.8,2.6,0.0
BHM,11,16.1,8.3,1019.6,2.6,0.0
BHM,12,11.1,0.0,1024.0,3.1,0.0
BIH,1,10.6,-7.8,1018.1,3.6,0.0
BIH,2,13.05,-6.7,1015.45,3.6,0.0
BIH,3,14.4,-6.7,1012.2,4.85,0.0
BIH,4,18.3,-6.1,1014.1,3.1,0.0
BIH,6,32.2,-2.8,1009.3,5.1,0.0
BIH,7,37.2,0.0,1009.9,4.1,0.0
BIH,8,35.6,0.6,1010.2,5.7,0.0
BIH,9,31.7,0.6,1009.5,5.15,0.0
BIH,10,32.25,0.8500000000000001,1015.2,2.05,0.0
BIH,12,13.3,-3.9,1018.3,2.1,0.0
BIL,1,,,,,
BIL,2,,,,,
BIL,3,,,,,
BIL,4,,,,,
BIL,5,,,,,
BIL,6,,,,,
BIL,7,,,,,
BIL,8,,,,,
BIL,9,,,,,
BIL,10,,,,,
BIL,11,,,,,
BIL,12,,,,,
BIS,1,-7.8,-11.7,1021.1,3.6,0.0
BIS,2,-5.6,-9.4,1017.2,3.6,0.0
BIS,3,-2.8,-7.2,1016.3,4.6,0.0
BIS,4,6.7,-2.2,1015.7,5.1,0.0
BIS,5,14.4,6.1,1013.2,4.1,0.0
BIS,6,19.4,12.2,1012.05,4.1,0.0
BIS,7,23.3,14.4,1014.1,3.6,0.0
BIS,8,21.1,14.4,1016.5,3.6,0.0
BIS,9,18.9,10.6,1013.25,3.6,0.0
BIS,10,8.9,2.2,1017.8,3.6,0.0
BIS,11,0.6,-3.9,1017.1,3.6,0.0
BIS,12,-2.8,-5.6,1019.45,3.1,0.0
BJI,1,-11.0,-13.0,,3.1,
BJI,2,-7.75,-13.350000000000001,,3.6,0.55
BJI,3,-4.300000000000001,-9.05,,3.6,0.3
BJI,4,2.3,-2.7,,3.6,0.3833333333333333
BJI,5,11.850000000000001,4.55,,3.6,0.65
BJI,6,16.8,12.25,,3.1,1.8
BJI,7,20.9,14.5,,3.1,1.05
BJI,8,21.6,14.4,,3.6,0.3
BJI,9,17.9,11.5,,3.6,0.7666666666666666
BJI,10,8.5,2.6,,3.6,0.25
BJI,11,0.1,-2.9,,4.1,0.5083333333333333
BJI,12,-2.95,-5.1,,3.35,1.15
BLI,1,4.4,2.8,1019.7,2.6,0.0
BLI,2,5.6,2.2,1016.5,3.1,0.0
BLI,3,7.8,3.3,1013.4,3.1,0.0
BLI,4,9.4,4.4,1018.45,3.1,0.0
BLI,5,12.8,8.3,1018.4,3.1,0.0
BLI,6,14.4,10.6,1017.7,3.1,0.0
BLI,7,17.2,12.8,1018.3,3.1,0.0
BLI,8,18.3,13.9,1017.5,2.6,0.0
BLI,9,15.6,12.2,1016.6,2.6,0.0
BLI,10,11.7,8.9,1018.0,2.1,0.0
BLI,11,7.8,4.4,1017.9,2.1,0.0
BLI,12,6.7,5.0,1016.8,2.1,0.0
BLV,1,,,,,
BLV,2,,,,,
BLV,3,,,,,
BLV,4,,,,,
BLV,5,,,,,
BLV,6,,,,,
BLV,7,,,,,
BLV,8,,,,,
BLV,9,,,,,
BLV,10,,,,,
BLV,11,,,,,
BLV,12,,,,,
BMI,1,,,,,
BMI,2,,,,,
BMI,3,,,,,
BMI,4,,,,,
BMI,5,,,,,
BMI,6,,,,,
BMI,7,,,,,
BMI,8,,,,,
BMI,9,,,,,
BMI,10,,,,,
BMI,11,,,,,
BMI,12,,,,,
BNA,1,,,,,
BNA,2,,,,,
BNA,3,,,,,
BNA,4,,,,,
BNA,5,,,,,
BNA,6,,,,,
BNA,7,,,,,
BNA,8,,,,,
BNA,9,,,,,
BNA,10,,,,,
BNA,11,,,,,
BNA,12,,,,,
BOI,1,1.1,-3.3,1023.7,3.1,0.0
BOI,2,3.3,-3.3,1019.1,3.6,0.0
BOI,3,6.7,-2.2,1014.1,4.1,0.0
BOI,4,11.1,-1.1,1016.4,3.6,0.0
BOI,5,17.2,3.3,1013.7,3.6,0.0
BOI,6,22.2,5.0,1011.9,3.1,0.0
BOI,7,28.9,6.1,1012.2,3.1,0.0
BOI,8,26.1,7.2,1013.2,3.1,0.0
BOI,9,20.0,4.4,1013.4,3.1,0.0
BOI,10,12.8,2.2,1017.9,2.6,0.0
BOI,11,6.1,-1.7,1019.0,2.6,0.0
BOI,12,2.2,-1.7,1024.8,2.1,0.0
BOS,1,1.1,-4.4,1015.0,5.1,0.0
BOS,2,1.7,-5.6,1015.5,5.1,0.0
BOS,3,5.0,-1.1,1015.0,5.7,0.0
BOS,4,9.4,2.8,1016.8,5.1,0.0
BOS,5,15.0,8.3,1015.1,5.1,0.0
BOS,6,20.0,13.9,1013.5,4.6,0.0
BOS,7,24.4,18.9,1014.5,4.1,0.0
BOS,8,21.7,16.7,1014.7,4.1,0.0
BOS,9,18.9,13.3,1018.5,4.1,0.0
BOS,10,14.4,8.3,1017.4,4.1,0.0
BOS,11,7.8,-0.6,1014.9,5.1,0.0
BOS,12,3.3,-2.2,1020.2,4.6,0.0
BPT,1,,,,,
BPT,2,,,,,
BPT,3,,,,,
BPT,4,,,,,
BPT,5,,,,,
BPT,6,,,,,
BPT,7,,,,,
BPT,8,,,,,
BPT,9,,,,,
BPT,10,,,,,
BPT,11,,,,,
BPT,12,,,,,
BQK,1,14.0,6.5,,3.1,0.9333333333333335
BQK,2,15.850000000000001,10.6,,4.1,0.3
BQK,3,18.9,13.5,,4.1,0.825
BQK,4,22.45,14.649999999999999,,4.1,6.6
BQK,5,24.0,19.4,,3.6,0.65
BQK,6,27.3,21.0,,4.1,1.9
BQK,7,29.3,23.6,,2.6,1.3
BQK,8,27.4,23.3,,3.1,0.55
BQK,9,24.5,21.1,,3.1,0.4
BQK,10,20.6,16.4,,3.1,1.3
BQK,11,18.5,14.7,,3.1,0.3
BQK,12,13.3,8.6,,3.6,0.3
BQN,1,24.0,21.0,,4.6,
BQN,2,24.0,20.0,,4.6,
BQN,3,26.0,21.0,,4.6,
BQN,4,26.0,22.0,,4.1,
BQN,5,28.0,23.0,,3.1,
BQN,6,28.0,23.0,,3.1,
BQN,7,28.0,24.0,,5.1,
BQN,8,28.0,24.0,,3.6,
BQN,9,28.0,24.0,,2.6,
BQN,10,28.0,24.0,,2.6,
BQN,11,26.0,23.0,,2.6,
BQN,12,25.0,22.0,,3.6,
BRD,1,,,,,
BRD,2,,,,,
BRD,3,,,,,
BRD,4,,,,,
BRD,5,,,,,
BRD,6,,,,,
BRD,7,,,,,
BRD,8,,,,,
BRD,9,,,,,
BRD,10,,,,,
BRD,11,,,,,
BRD,12,,,,,
BRO,1,18.9,13.3,1019.2,4.1,0.0
BRO,2,21.7,17.2,1017.2,5.7,0.0
BRO,3,23.9,19.4,1012.75,5.7,0.0
BRO,4,26.7,21.7,1012.4,6.2,0.0
BRO,5,29.4,24.4,1009.3,5.1,0.0
BRO,6,31.7,25.0,1010.5,6.2,0.0
BRO,7,31.0,25.0,1014.4,5.1,0.0
BRO,8,31.7,25.0,1013.9,4.1,0.0
BRO,9,28.9,24.4,1011.5,3.6,0.0
BRO,10,26.7,21.1,1015.5,3.6,0.0
BRO,11,23.3,17.8,1015.8,4.1,0.0
BRO,12,21.7,17.8,1019.5,3.6,0.0
BRW,1,-20.3,-23.15,1017.6,7.2,0.0
BRW,2,-22.5,-25.6,1015.6,5.1,0.0
BRW,3,-18.3,-21.7,1017.25,5.7,0.0
BRW,4,-13.600000000000001,-16.0,1018.65,6.2,0.0
BRW,5,-3.3,-6.7,1015.5,5.1,0.0
BRW,6,4.0,0.8,1012.45,5.1,0.0
BRW,7,7.0,4.4,1014.1,5.1,0.0
BRW,8,6.7,4.0,1010.8,6.2,0.0
BRW,9,4.0,2.0,1006.6,5.1,0.0
BRW,10,-1.7,-5.6,1014.3,6.2,0.0
BRW,11,-9.4,-12.9,1015.6,6.2,0.0
BRW,12,-18.0,-20.6,1007.6,5.1,0.0
BTM,1,-5.0,-9.4,1025.3,1.5,0.0
BTM,2,-2.8,-8.3,1019.0,2.1,0.0
BTM,3,1.1,-7.2,1013.2,2.6,0.0
BTM,4,6.7,-5.0,1015.6,3.6,0.0
BTM,5,12.8,1.1,1014.3,3.6,0.0
BTM,6,16.7,3.3,1014.3,2.6,0.0
BTM,7,22.2,4.7,1015.7,2.6,0.0
BTM,8,19.4,6.1,1017.3,2.1,0.0
BTM,9,16.1,3.3,1015.2,2.6,0.0
BTM,10,8.3,-1.1,1020.6,1.8,0.0
BTM,11,0.6,-6.1,1019.6,2.1,0.0
BTM,12,0.0,-6.1,1022.5,1.5,0.0
BTR,1,,,,,
BTR,2,,,,,
BTR,3,,,,,
BTR,4,,,,,
BTR,5,,,,,
BTR,6,,,,,
BTR,7,,,,,
BTR,8,,,,,
BTR,9,,,,,
BTR,10,,,,,
BTR,11,,,,,
BTR,12,,,,,
BTV,1,-2.8,-7.8,1015.1,3.6,0.0
BTV,2,-2.8,-8.3,1016.1,4.1,0.0
BTV,3,2.2,-5.0,1015.1,4.1,0.0
BTV,4,8.9,0.0,1016.4,4.1,0.0
BTV,5,15.6,6.7,1014.8,3.6,0.0
BTV,6,21.1,13.3,1013.0,3.1,0.0
BTV,7,24.4,17.8,1013.7,2.6,0.0
BTV,8,21.7,15.0,1014.7,2.6,0.0
BTV,9,18.9,12.2,1018.4,2.6,0.0
BTV,10,12.8,5.6,1017.0,3.1,0.0
BTV,11,4.4,-2.8,1015.2,3.6,0.0
BTV,12,0.0,-5.6,1019.4,3.1,0.0
BUF,1,,,,,
BUF,2,,,,,
BUF,3,,,,,
BUF,4,,,,,
BUF,5,,,,,
BUF,6,,,,,
BUF,7,,,,,
BUF,8,,,,,
BUF,9,,,,,
BUF,10,,,,,
BUF,11,,,,,
BUF,12,,,,,
BUR,1,,,,,
BUR,2,,,,,
BUR,3,,,,,
BUR,4,,,,,
BUR,5,,,,,
BUR,6,,,,,
BUR,7,,,,,
BUR,8,,,,,
BUR,9,,,,,
BUR,10,,,,,
BUR,11,,,,,
BUR,12,,,,,
BWI,1,3.9,-3.9,1018.4,3.1,0.0
BWI,2,6.1,-3.3,1017.8,3.1,0.0
BWI,3,9.4,-1.1,1014.9,3.6,0.0
BWI,4,15.6,6.1,1016.4,3.6,0.0
BWI,5,19.4,11.7,1014.6,3.1,0.0
BWI,6,25.6,17.2,1014.1,3.1,0.0
BWI,7,27.8,21.1,1014.9,2.6,0.0
BWI,8,26.1,18.9,1014.6500000000001,2.6,0.0
BWI,9,21.7,16.1,1017.2,3.1,0.0
BWI,10,16.1,7.8,1018.5,2.6,0.0
BWI,11,10.0,1.7,1018.7,2.6,0.0
BWI,12,6.1,-1.7,1022.1,2.6,0.0
BZN,1,,,,,
BZN,2,,,,,
BZN,3,,,,,
BZN,4,,,,,
BZN,5,,,,,
BZN,6,,,,,
BZN,7,,,,,
BZN,8,,,,,
BZN,9,,,,,
BZN,10,,,,,
BZN,11,,,,,
BZN,12,,,,,
CAE,1,8.9,0.6,1019.9,2.6,0.0
CAE,2,12.8,3.9,1018.8,2.6,0.0
CAE,3,15.6,6.1,1016.4,3.1,0.0
CAE,4,18.9,12.2,1017.9,3.1,0.0
CAE,5,22.2,16.7,1014.2,2.6,0.0
CAE,6,26.1,19.4,1013.6,2.6,0.0
CAE,7,28.9,22.8,1015.6,2.1,0.0
CAE,8,26.7,21.7,1014.5,2.1,0.0
CAE,9,24.4,18.3,1015.3,2.6,0.0
CAE,10,19.4,12.2,1018.8,2.1,0.0
CAE,11,15.6,7.8,1019.0,2.1,0.0
CAE,12,10.0,1.7,1023.3,2.1,0.0
CAK,1,-1.1,-5.0,1018.6,4.6,0.0
CAK,2,0.6,-4.4,1017.2,4.6,0.0
CAK,3,5.6,-2.2,1014.7,4.6,0.0
CAK,4,11.1,2.8,1016.6,4.1,0.0
CAK,5,15.6,8.9,1014.8499999999999,3.6,0.0
CAK,6,21.7,15.6,1014.6,3.6,0.0
CAK,7,23.9,17.8,1015.6,3.1,0.0
CAK,8,22.1,16.7,1015.3,3.1,0.0
CAK,9,18.9,13.3,1018.7,3.1,0.0
CAK,10,12.2,6.7,1018.3499999999999,3.1,0.0
CAK,11,5.6,0.6,1018.3,4.1,0.0
CAK,12,2.2,-1.1,1020.6,4.1,0.0
CDC,1,0.0,-6.1,1021.05,3.1,0.0
CDC,2,3.9,-4.4,1017.7,4.1,0.0
CDC,3,5.6,-3.9,1013.3,5.7,0.0
CDC,4,13.9,-3.9,1013.6500000000001,4.6,0.0
CDC,5,19.4,-1.7,1011.1500000000001,5.1,0.0
CDC,6,25.0,0.0,1010.3,4.6,0.0
CDC,7,29.4,2.2,1013.2,4.1,0.0
CDC,8,26.1,8.9,1014.6,4.1,0.0
CDC,9,22.8,2.8,1013.9,3.8499999999999996,0.0
CDC,10,16.1,-0.6,1018.0,2.1,0.0
CDC,11,4.4,-5.0,1020.7,2.6,0.0
CDC,12,2.8,-5.6,1023.2,2.1,0.0
CDV,1,1.1,-0.6,1003.25,1.5,0.0
CDV,2,1.7,-1.1,1007.5,2.1,0.0
CDV,3,3.9,-2.2,1005.7,2.6,0.0
CDV,4,6.1,0.6,1010.1,3.1,0.0
CDV,5,9.4,3.3,1011.05,3.6,0.0
CDV,6,13.9,8.9,1016.1,3.1,0.0
CDV,7,15.6,11.7,1017.75,2.6,0.0
CDV,8,16.1,11.1,1015.9,2.1,0.0
CDV,9,13.3,8.3,1007.4,2.6,0.0
CDV,10,9.4,3.3,1004.9,2.1,0.0
CDV,11,4.15,1.1,999.8,1.5,0.0
CDV,12,0.0,-1.1,999.1,2.6,0.0
CHA,1,6.1,-1.9500000000000002,1021.1,2.6,0.0
CHA,2,11.7,2.2,1019.1,2.6,0.0
CHA,3,15.0,3.9,1016.5,3.1,0.0
CHA,4,17.8,10.0,1017.9,2.6,0.0
CHA,5,22.2,16.1,1015.0,2.6,0.0
CHA,6,25.6,18.3,1014.1,2.1,0.0
CHA,7,28.3,21.1,1016.6,2.1,0.0
CHA,8,27.8,20.0,1015.6,2.6,0.0
CHA,9,24.4,16.7,1015.8,2.1,0.0
CHA,10,20.0,10.0,1019.3,2.1,0.0
CHA,11,15.0,7.2,1019.3,2.1,0.0
CHA,12,8.9,0.0,1023.8,2.1,0.0
CHO,1,,,,,
CHO,2,,,,,
CHO,3,,,,,
CHO,4,,,,,
CHO,5,,,,,
CHO,6,,,,,
CHO,7,,,,,
CHO,8,,,,,
CHO,9,,,,,
CHO,10,,,,,
CHO,11,,,,,
CHO,12,,,,,
CHS,1,11.7,1.7,1020.5,3.6,0.0
CHS,2,15.6,7.2,1019.8,3.6,0.0
CHS,3,18.3,9.4,1017.1,4.6,0.0
CHS,4,22.2,13.9,1018.9,4.6,0.0
CHS,5,25.0,17.8,1014.6,4.1,0.0
CHS,6,28.3,21.1,1014.5,4.1,0.0
CHS,7,29.4,23.3,1016.5,3.1,0.0
CHS,8,28.9,23.3,1015.3,3.6,0.0
CHS,9,26.1,20.0,1015.1,3.6,0.0
CHS,10,21.7,14.4,1018.4,3.6,0.0
CHS,11,17.2,10.0,1019.2,3.6,0.0
CHS,12,13.3,4.4,1023.0,3.6,0.0
CID,1,-3.3,-6.1,1020.5,4.6,0.0
CID,2,-0.6,-5.0,1017.6,5.1,0.0
CID,3,4.4,-1.7,1014.9,5.7,0.0
CID,4,10.6,2.2,1014.1,6.2,0.0
CID,5,17.8,8.9,1014.0,4.6,0.0
CID,6,23.9,16.1,1012.6,4.1,0.0
CID,7,23.9,18.9,1014.7,3.1,0.0
CID,8,23.3,17.8,1016.2,3.6,0.0
CID,9,20.0,13.3,1016.9,3.1,0.0
CID,10,13.3,5.0,1018.2,4.6,0.0
CID,11,5.6,0.6,1018.1,4.6,0.0
CID,12,0.6,-2.2,1018.0,4.6,0.0
CIU,1,-5.0,-7.2,1016.4,4.1,0.0
CIU,2,-5.0,-7.8,1015.85,4.1,0.0
CIU,3,-0.6,-5.6,1014.9,5.1,0.0
CIU,4,4.4,-0.6,1015.3,4.6,0.0
CIU,5,12.8,3.9,1015.6,4.1,0.0
CIU,6,18.3,11.1,1013.1500000000001,4.1,0.0
CIU,7,19.4,14.7,1014.5,3.1,0.0
CIU,8,17.8,12.8,1015.45,3.1,0.0
CIU,9,15.6,12.2,1019.2,3.1,0.0
CIU,10,8.9,5.0,1016.3,3.6,0.0
CIU,11,2.2,-1.1,1015.45,4.35,0.0
CIU,12,-1.1,-3.9,1017.4,4.1,0.0
CKB,1,2.5,-3.9,1019.7,2.85,0.0
CKB,2,7.2,-3.3,1014.9,3.6,0.0
CKB,3,9.4,-0.6,1016.2,3.6,0.0
CKB,4,15.850000000000001,5.0,1016.15,3.1,0.0
CKB,5,18.9,10.0,1014.3,2.1,0.0
CKB,6,23.3,16.1,1014.1,2.1,0.0
CKB,7,25.6,18.9,1015.3,2.1,0.0
CKB,8,25.0,18.3,1015.1,2.85,0.0
CKB,9,22.8,13.9,1017.6,2.6,0.0
CKB,10,11.399999999999999,6.4,1016.7,1.5,0.0
CKB,11,10.3,1.7,1020.2,2.6,0.0
CKB,12,4.4,-0.6,1021.9,2.6,0.0
CLD,2,,,,,
CLD,3,,,,,
CLD,4,,,,,
CLD,5,,,,,
CLD,6,,,,,
CLD,7,,,,,
CLE,1,0.0,-4.4,1019.3,4.6,0.0
CLE,2,1.1,-5.0,1018.3,4.6,0.0
CLE,3,5.0,-2.2,1016.1,5.1,0.0
CLE,4,10.6,2.2,1017.3,4.6,0.0
CLE,5,16.7,8.3,1015.7,4.1,0.0
CLE,6,21.7,15.0,1015.2,3.6,0.0
CLE,7,24.4,17.8,1016.4,3.1,0.0
CLE,8,22.8,16.7,1016.5,3.6,0.0
CLE,9,20.0,13.9,1019.7,3.6,0.0
CLE,10,13.9,6.1,1019.1,4.1,0.0
CLE,11,7.8,1.1,1018.8,4.6,0.0
CLE,12,3.3,-1.1,1022.2,4.1,0.0
CLL,1,,,,,
CLL,2,,,,,
CLL,3,,,,,
CLL,4,,,,,
CLL,5,,,,,
CLL,6,,,,,
CLL,7,,,,,
CLL,8,,,,,
CLL,9,,,,,
CLL,10,,,,,
CLL,11,,,,,
CLL,12,,,,,
CLT,1,7.8,-2.2,1020.5,3.1,0.0
CLT,2,11.7,1.1,1019.8,3.1,0.0
CLT,3,15.0,2.2,1016.9,3.6,0.0
CLT,4,19.4,10.6,1019.5,3.1,0.0
CLT,5,22.2,15.0,1016.2,3.1,0.0
CLT,6,27.2,18.3,1015.8,2.6,0.0
CLT,7,28.9,21.1,1017.6,2.6,0.0
CLT,8,27.2,20.0,1016.7,2.6,0.0
CLT,9,23.9,16.7,1017.7,2.6,0.0
CLT,10,20.0,10.0,1020.6,2.6,0.0
CLT,11,13.9,4.4,1021.0,2.6,0.0
CLT,12,10.0,0.0,1024.2,2.6,0.0
CMH,1,,,,,
CMH,2,,,,,
CMH,3,,,,,
CMH,4,,,,,
CMH,5,,,,,
CMH,6,,,,,
CMH,7,,,,,
CMH,8,,,,,
CMH,9,,,,,
CMH,10,,,,,
CMH,11,,,,,
CMH,12,,,,,
CMI,1,0.0,-3.3,1021.2,5.1,0.0
CMI,2,1.7,-2.2,1016.5,5.1,0.0
CMI,3,7.2,0.0,1015.1,6.2,0.0
CMI,4,12.2,4.4,1015.3499999999999,5.7,0.0
CMI,5,18.9,10.0,1014.2,4.6,0.0
CMI,6,23.9,16.1,1013.8,3.6,0.0
CMI,7,23.9,20.0,1015.5,3.1,0.0
CMI,8,22.8,18.9,1016.1,3.1,0.0
CMI,9,18.9,13.3,1017.2,3.1,0.0
CMI,10,14.4,6.1,1018.4,3.6,0.0
CMI,11,6.7,1.1,1018.9000000000001,4.6,0.0
CMI,12,3.3,-0.3,1018.75,5.1,0.0
CMX,1,,,,,
CMX,2,,,,,
CMX,3,,,,,
CMX,4,,,,,
CMX,5,,,,,
CMX,6,,,,,
CMX,7,,,,,
CMX,8,,,,,
CMX,9,,,,,
CMX,10,,,,,
CMX,11,,,,,
CMX,12,,,,,
CNY,1,,,,,
CNY,2,,,,,
CNY,3,,,,,
CNY,4,,,,,
CNY,5,,,,,
CNY,6,,,,,
CNY,7,,,,,
CNY,8,,,,,
CNY,9,,,,,
CNY,10,,,,,
CNY,11,,,,,
CNY,12,,,,,
COD,1,,,,,
COD,2,,,,,
COD,3,,,,,
COD,4,,,,,
COD,5,,,,,
COD,6,,,,,
COD,7,,,,,
COD,8,,,,,
COD,9,,,,,
COD,10,,,,,
COD,11,,,,,
COD,12,,,,,
COS,1,-1.1,-9.4,1021.1,3.1,0.0
COS,2,3.9,-10.0,1016.4,3.6,0.0
COS,3,5.6,-8.3,1011.7,4.1,0.0
COS,4,8.9,-5.0,1013.5,4.1,0.0
COS,5,13.9,2.8,1012.2,4.1,0.0
COS,6,19.4,7.8,1012.2,3.6,0.0
COS,7,23.3,9.4,1014.8,3.6,0.0
COS,8,22.2,10.0,1016.0,3.6,0.0
COS,9,20.6,3.3,1013.9,3.6,0.0
COS,10,13.9,-2.2,1017.9,3.6,0.0
COS,11,5.0,-7.2,1018.9,3.6,0.0
COS,12,3.9,-8.3,1020.8,3.1,0.0
COU,1,,,,,
COU,2,,,,,
COU,3,,,,,
COU,4,,,,,
COU,5,,,,,
COU,6,,,,,
COU,7,,,,,
COU,8,,,,,
COU,9,,,,,
COU,10,,,,,
COU,11,,,,,
COU,12,,,,,
CPR,1,-5.0,-8.9,1021.0,6.2,0.0
CPR,2,-3.3,-9.7,1018.3,7.2,0.0
CPR,3,-0.6,-6.7,1011.1500000000001,6.2,0.0
CPR,4,4.4,-4.4,1014.6,5.7,0.0
CPR,5,11.7,2.8,1011.7,4.1,0.0
CPR,6,18.05,6.1,1010.8,3.6,0.0
CPR,7,24.4,6.7,1013.7,3.6,0.0
CPR,8,21.1,7.8,1015.2,3.6,0.0
CPR,9,17.2,1.1,1013.2,4.1,0.0
CPR,10,10.0,-2.2,1017.8,4.6,0.0
CPR,11,2.2,-6.1,1015.9,6.2,0.0
CPR,12,2.2,-7.2,1020.2,6.7,0.0
CRP,1,15.6,9.4,1020.1500000000001,5.7,0.0
CRP,2,19.4,14.4,1018.0,5.7,0.0
CRP,3,22.8,17.8,1013.5,6.2,0.0
CRP,4,24.4,21.1,1013.2,6.2,0.0
CRP,5,27.8,23.9,1010.75,5.1,0.0
CRP,6,31.1,24.4,1011.2,5.1,0.0
CRP,7,30.6,24.4,1014.9,4.6,0.0
CRP,8,31.7,25.0,1014.2,4.1,0.0
CRP,9,30.0,23.9,1012.2,3.6,0.0
CRP,10,26.7,20.6,1015.5,4.6,0.0
CRP,11,20.6,15.6,1016.4,4.6,0.0
CRP,12,18.3,13.3,1020.7,4.1,0.0
CRW,1,,,,,
CRW,2,,,,,
CRW,3,,,,,
CRW,4,,,,,
CRW,5,,,,,
CRW,6,,,,,
CRW,7,,,,,
CRW,8,,,,,
CRW,9,,,,,
CRW,10,,,,,
CRW,11,,,,,
CRW,12,,,,,
CSG,1,11.7,2.2,1020.2,3.1,0.0
CSG,2,15.6,5.0,1018.7,3.1,0.0
CSG,3,17.2,9.7,1017.1,2.6,0.0
CSG,4,20.0,12.2,1017.4,3.1,0.0
CSG,5,22.8,17.8,1015.0,3.1,0.0
CSG,6,26.95,18.9,1012.3,2.6,0.0
CSG,7,27.8,22.2,1016.25,2.1,0.0
CSG,8,29.4,21.1,1015.3,2.6,0.0
CSG,9,24.4,18.3,1014.7,2.6,0.0
CSG,10,21.1,12.8,1018.5,2.6,0.0
CSG,11,17.2,10.0,1018.7,3.1,0.0
CSG,12,11.7,2.2,1023.8,2.85,0.0
CVG,1,0.6,-2.8,1020.05,4.1,0.0
CVG,2,5.0,-2.2,1017.2,4.6,0.0
CVG,3,8.3,0.6,1015.5,4.6,0.0
CVG,4,13.9,6.1,1016.2,4.6,0.0
CVG,5,18.9,12.8,1014.2,3.6,0.0
CVG,6,23.3,17.2,1013.6,3.1,0.0
CVG,7,25.0,20.0,1015.5,3.1,0.0
CVG,8,23.9,18.3,1015.1,3.1,0.0
CVG,9,21.1,14.4,1017.4,3.1,0.0
CVG,10,15.6,7.2,1018.6,3.1,0.0
CVG,11,8.9,2.8,1018.5,4.1,0.0
CVG,12,4.4,0.0,1020.9,3.6,0.0
CWA,1,-5.0,-6.0,,3.1,
CWA,2,-8.0,-9.5,,3.8499999999999996,
CWA,3,-4.0,-7.0,,3.6,1.8
CWA,4,4.0,-1.0,,4.1,
CWA,5,11.0,5.0,,3.6,
CWA,6,18.0,14.0,,3.1,
CWA,7,20.0,16.0,,2.6,
CWA,8,19.5,15.0,,2.6,
CWA,9,19.0,14.0,,2.85,
CWA,10,11.5,6.0,,4.85,
CWA,11,5.0,0.0,,4.6,
CWA,12,-3.0,-6.0,,4.1,
CYS,1,-2.8,-10.0,1019.25,5.1,0.0
CYS,2,0.0,-9.4,1014.8,5.7,0.0
CYS,3,1.7,-8.9,1011.1500000000001,5.7,0.0
CYS,4,6.1,-5.6,1012.65,5.1,0.0
CYS,5,9.4,0.0,1010.9000000000001,5.1,0.0
CYS,6,16.1,6.7,1011.2,4.6,0.0
CYS,7,20.85,6.7,1013.3499999999999,4.1,0.0
CYS,8,17.2,8.9,1015.4,4.6,0.0
CYS,9,13.9,2.2,1013.1,4.1,0.0
CYS,10,8.9,-2.8,1016.35,4.6,0.0
CYS,11,3.05,-8.9,1016.9,5.7,0.0
CYS,12,1.7,-9.4,1019.1,6.7,0.0
DAB,1,,,,,
DAB,2,,,,,
DAB,3,,,,,
DAB,4,,,,,
DAB,5,,,,,
DAB,6,,,,,
DAB,7,,,,,
DAB,8,,,,,
DAB,9,,,,,
DAB,10,,,,,
DAB,11,,,,,
DAB,12,,,,,
DAL,1,,,,,
DAL,2,,,,,
DAL,3,,,,,
DAL,4,,,,,
DAL,5,,,,,
DAL,6,,,,,
DAL,7,,,,,
DAL,8,,,,,
DAL,9,,,,,
DAL,10,,,,,
DAL,11,,,,,
DAL,12,,,,,
DAY,1,0.6,-3.9,1019.6,4.6,0.0
DAY,2,3.3,-3.3,1017.5,4.6,0.0
DAY,3,7.8,-1.1,1015.2,5.7,0.0
DAY,4,13.3,4.4,1016.7,5.1,0.0
DAY,5,18.3,11.1,1014.5,3.6,0.0
DAY,6,23.3,16.7,1014.4,3.6,0.0
DAY,7,25.0,19.4,1015.8,3.1,0.0
DAY,8,23.3,17.2,1016.0,3.1,0.0
DAY,9,21.1,13.9,1018.45,3.1,0.0
DAY,10,14.4,6.7,1018.9,3.6,0.0
DAY,11,8.3,2.2,1018.7,4.6,0.0
DAY,12,4.4,-1.1,1021.05,4.6,0.0
DCA,1,,,,,
DCA,2,,,,,
DCA,3,,,,,
DCA,4,,,,,
DCA,5,,,,,
DCA,6,,,,,
DCA,7,,,,,
DCA,8,,,,,
DCA,9,,,,,
DCA,10,,,,,
DCA,11,,,,,
DCA,12,,,,,
DDC,1,,,,,
DDC,2,,,,,
DDC,3,,,,,
DDC,4,,,,,
DDC,5,,,,,
DDC,6,,,,,
DDC,7,,,,,
DDC,8,,,,,
DDC,9,,,,,
DDC,10,,,,,
DDC,11,,,,,
DDC,12,,,,,
DEC,1,,,,,
DEC,2,,,,,
DEC,3,,,,,
DEC,4,,,,,
DEC,5,,,,,
DEC,6,,,,,
DEC,7,,,,,
DEC,8,,,,,
DEC,9,,,,,
DEC,10,,,,,
DEC,11,,,,,
DEC,12,,,,,
DEN,1,-1.7,-8.9,1018.8,3.6,0.0
DEN,2,2.8,-7.2,1015.3,4.1,0.0
DEN,3,6.7,-6.7,1010.4,4.1,0.0
DEN,4,11.7,-3.9,1011.6,4.6,0.0
DEN,5,16.1,4.4,1010.4,4.1,0.0
DEN,6,22.2,9.4,1010.0,4.1,0.0
DEN,7,26.1,9.4,1012.8,4.1,0.0
DEN,8,25.6,9.4,1013.7,4.1,0.0
DEN,9,22.8,3.3,1012.3,3.6,0.0
DEN,10,15.6,-1.7,1015.8,3.6,0.0
DEN,11,5.6,-5.6,1016.9,3.6,0.0
DEN,12,5.0,-7.8,1018.1,4.1,0.0
DFW,1,8.9,-0.6,1020.8,4.6,0.0
DFW,2,12.2,3.9,1017.2,5.1,0.0
DFW,3,17.8,8.3,1013.6,5.7,0.0
DFW,4,21.7,12.2,1012.8,5.7,0.0
DFW,5,25.0,18.3,1011.6,4.1,0.0
DFW,6,30.0,21.1,1011.2,4.6,0.0
DFW,7,31.1,20.6,1014.1,4.6,0.0
DFW,8,33.9,20.0,1013.4,4.1,0.0
DFW,9,28.3,18.9,1013.1,3.6,0.0
DFW,10,23.9,13.3,1016.5,4.6,0.0
DFW,11,16.7,7.8,1017.5,4.1,0.0
DFW,12,12.8,2.8,1020.6,4.1,0.0
DHN,1,,,,,
DHN,2,,,,,
DHN,3,,,,,
DHN,4,,,,,
DHN,5,,,,,
DHN,6,,,,,
DHN,7,,,,,
DHN,8,,,,,
DHN,9,,,,,
DHN,10,,,,,
DHN,11,,,,,
DHN,12,,,,,
DIK,1,,,,,
DIK,2,,,,,
DIK,3,,,,,
DIK,4,,,,,
DIK,5,,,,,
DIK,6,,,,,
DIK,7,,,,,
DIK,8,,,,,
DIK,9,,,,,
DIK,10,,,,,
DIK,11,,,,,
DIK,12,,,,,
DLG,5,8.3,3.9,1010.5,5.65,0.0
DLG,6,12.8,8.3,1013.1,4.1,0.0
DLG,7,13.9,10.0,1015.2,4.1,0.0
DLG,8,12.2,10.0,1012.15,4.6,0.0
DLG,9,10.0,6.1,1007.7,3.1,0.0
DLH,1,-7.8,-11.7,1017.6,4.6,0.0
DLH,2,-6.1,-11.7,1017.5,4.6,0.0
DLH,3,-1.1,-8.3,1014.8499999999999,5.1,0.0
DLH,4,3.3,-2.2,1015.2,5.1,0.0
DLH,5,11.7,3.3,1015.1,4.6,0.0
DLH,6,16.7,10.6,1012.8,4.1,0.0
DLH,7,21.1,13.9,1014.7,3.6,0.0
DLH,8,20.0,13.3,1016.8,4.1,0.0
DLH,9,17.2,12.8,1017.4,4.1,0.0
DLH,10,9.4,3.3,1017.3,4.6,0.0
DLH,11,1.7,-2.8,1017.4,4.6,0.0
DLH,12,-2.5,-5.6,1018.4,4.6,0.0
DRO,1,-2.2,-9.4,1022.0,2.1,0.0
DRO,2,0.6,-7.8,1020.3,2.6,0.0
DRO,3,2.8,-6.1,1015.8,2.6,0.0
DRO,4,9.4,-7.8,1014.4,3.1,0.0
DRO,5,16.7,-2.8,1012.8,3.1,0.0
DRO,6,23.3,1.1,1013.3,3.1,0.0
DRO,7,26.1,5.0,1015.4,2.6,0.0
DRO,8,23.9,8.9,1017.9,2.6,0.0
DRO,9,20.6,3.3,1017.2,2.6,0.0
DRO,10,13.3,-2.2,1019.4,2.6,0.0
DRO,11,2.8,-6.7,1021.75,2.1,0.0
DRO,12,1.7,-8.3,1025.55,2.1,0.0
DRT,1,16.1,1.4,1018.7,3.1,0.0
DRT,2,17.75,0.0,1018.45,3.8499999999999996,0.0
DRT,3,21.7,7.2,1012.55,4.6,0.0
DRT,4,26.65,4.7,1009.4000000000001,2.3,0.0
DSM,1,-2.8,-6.1,1020.6,4.1,0.0
DSM,2,0.6,-5.0,1017.2,4.1,0.0
DSM,3,5.0,-1.7,1014.7,5.1,0.0
DSM,4,11.7,2.2,1013.9,5.7,0.0
DSM,5,17.8,9.4,1013.8,4.1,0.0
DSM,6,23.9,16.7,1012.5,3.6,0.0
DSM,7,25.0,18.3,1014.8,3.1,0.0
DSM,8,23.9,17.8,1015.8,3.6,0.0
DSM,9,21.7,13.3,1016.8,3.1,0.0
DSM,10,14.4,4.4,1018.2,4.6,0.0
DSM,11,6.7,0.6,1018.9,4.1,0.0
DSM,12,1.1,-2.8,1019.1,4.1,0.0
DTW,1,-0.6,-4.4,1018.3,4.1,0.0
DTW,2,0.6,-4.4,1017.3,4.1,0.0
DTW,3,4.4,-2.8,1015.1,4.6,0.0
DTW,4,10.0,1.7,1015.5,4.6,0.0
DTW,5,17.2,8.3,1014.9,3.6,0.0
DTW,6,22.2,13.9,1013.8,3.6,0.0
DTW,7,24.4,17.8,1015.6,3.1,0.0
DTW,8,22.8,16.1,1015.6,3.1,0.0
DTW,9,20.0,14.4,1018.9,2.6,0.0
DTW,10,12.8,6.1,1018.1,3.6,0.0
DTW,11,7.2,1.1,1017.2,4.1,0.0
DTW,12,2.8,-0.6,1021.8,3.6,0.0
DVL,1,,,,,
DVL,2,,,,,
DVL,3,,,,,
DVL,4,,,,,
DVL,5,,,,,
DVL,6,,,,,
DVL,7,,,,,
DVL,8,,,,,
DVL,9,,,,,
DVL,10,,,,,
DVL,11,,,,,
DVL,12,,,,,
EAR,1,-4.4,-9.4,1023.75,5.1,0.0
EAR,2,-6.15,-11.1,1021.75,4.85,0.0
EAR,3,6.15,-2.2,1009.6500000000001,4.6,0.0
EAR,4,8.35,1.1,1016.95,5.1,0.0
EAR,5,13.600000000000001,6.4,1015.55,4.6,0.0
EAR,6,20.85,15.6,1011.9,5.1,0.0
EAR,7,20.6,18.9,1014.45,3.6,0.0
EAR,11,4.4,-0.6,1016.3,3.6,0.0
EAR,12,0.0,-5.0,1020.55,4.1,0.0
EAU,1,-8.6,-15.0,1020.2,4.1,0.0
EAU,2,-9.15,-15.6,1024.2,3.35,0.0
EAU,3,1.1,-5.6,1010.6,4.1,0.0
EAU,4,6.7,0.6,1017.2,3.6,0.0
EAU,5,11.95,4.7,1017.2,3.1,0.0
EAU,6,18.6,14.15,1011.2,3.1,0.0
EAU,7,21.1,16.7,1014.3,2.6,0.0
EAU,12,-1.7,-5.6,1019.7,3.1,0.0
EGE,1,-1.7,-9.4,1014.1,1.5,0.0
EGE,2,1.7,-8.3,1012.3,2.1,0.0
EGE,3,5.0,-6.7,1008.1,2.6,0.0
EGE,4,7.8,-6.1,1009.5,3.1,0.0
EGE,5,15.0,-1.7,1010.45,2.6,0.0
EGE,6,20.0,2.8,1012.6,2.1,0.0499999999999999
EGE,7,22.8,3.3,1016.1,1.5,0.0
EGE,8,20.6,8.3,1016.9,1.5,0.0
EGE,9,18.3,1.7,1014.4,1.5,0.25
EGE,10,11.7,-2.8,1016.4,1.5,0.0
EGE,11,1.7,-6.7,1017.0,0.0,0.0
EGE,12,-0.6,-8.3,1018.2,0.0,0.0
EKO,1,-2.2,-6.7,1023.6,2.1,0.0
EKO,2,-2.2,-5.6,1018.5,2.6,0.0
EKO,3,0.0,-4.4,1016.0,2.6,0.0
EKO,4,2.8,-3.3,1016.5,2.1,0.0
EKO,5,7.8,0.6,1014.2,1.5,0.0
EKO,6,14.4,1.9500000000000002,1013.0,2.1,0.0
EKO,7,18.3,1.7,1014.7,2.1,0.0
EKO,8,19.450000000000003,3.3,1015.05,2.1,0.0
EKO,9,8.3,0.6,1015.4,1.5,0.0
EKO,10,3.3,-3.05,1020.5,1.5,0.0
EKO,11,-4.15,-9.4,1022.1,2.1,0.0
EKO,12,-2.8,-5.6,1025.35,2.1,0.0
ELM,1,,,,,
ELM,2,,,,,
ELM,3,,,,,
ELM,4,,,,,
ELM,5,,,,,
ELM,6,,,,,
ELM,7,,,,,
ELM,8,,,,,
ELM,9,,,,,
ELM,10,,,,,
ELM,11,,,,,
ELM,12,,,,,
ELP,1,,,,,
ELP,2,,,,,
ELP,3,,,,,
ELP,4,,,,,
ELP,5,,,,,
ELP,6,,,,,
ELP,7,,,,,
ELP,8,,,,,
ELP,9,,,,,
ELP,10,,,,,
ELP,11,,,,,
ELP,12,,,,,
ERI,2,1.9500000000000002,-3.85,1013.6,5.7,0.0
ERI,3,1.1,-2.8,1017.95,4.1,0.0
ERI,4,8.600000000000001,2.2,1013.9,3.6,0.0
ERI,5,13.9,5.0,1019.5,4.1,0.0
ERI,6,21.7,10.0,1018.8499999999999,2.3,0.0
ESC,1,,,,,
ESC,2,,,,,
ESC,3,,,,,
ESC,4,,,,,
ESC,5,,,,,
ESC,6,,,,,
ESC,7,,,,,
ESC,8,,,,,
ESC,9,,,,,
ESC,10,,,,,
ESC,11,,,,,
ESC,12,,,,,
EUG,1,,,,,
EUG,2,,,,,
EUG,3,,,,,
EUG,4,,,,,
EUG,5,,,,,
EUG,6,,,,,
EUG,7,,,,,
EUG,8,,,,,
EUG,9,,,,,
EUG,10,,,,,
EUG,11,,,,,
EUG,12,,,,,
EVV,1,,,,,
EVV,2,,,,,
EVV,3,,,,,
EVV,4,,,,,
EVV,5,,,,,
EVV,6,,,,,
EVV,7,,,,,
EVV,8,,,,,
EVV,9,,,,,
EVV,10,,,,,
EVV,11,,,,,
EVV,12,,,,,
EWN,2,12.2,8.850000000000001,1020.75,4.1,0.0
EWN,3,11.7,5.0,1015.9,3.1,0.0
EWN,4,18.9,13.9,1019.3,3.6,0.0
EWN,5,23.9,16.7,1016.2,4.1,0.0
EWN,6,27.2,21.7,1016.8,3.1,0.0
EWN,7,30.0,23.9,1016.9,3.1,0.0
EWN,8,26.95,22.8,1016.0,3.35,0.0
EWN,9,25.25,19.2,1019.35,3.35,0.0
EWR,1,3.9,-4.4,1016.3,4.6,0.0
EWR,2,4.4,-5.0,1017.0,4.1,0.0
EWR,3,8.3,-2.2,1015.0,4.6,0.0
EWR,4,13.3,3.3,1016.2,4.6,0.0
EWR,5,18.9,8.9,1014.6,4.1,0.0
EWR,6,24.4,15.0,1013.8,4.1,0.0
EWR,7,27.8,20.0,1014.5,3.6,0.0
EWR,8,25.0,17.8,1014.7,3.6,0.0
EWR,9,21.7,14.4,1017.5,4.1,0.0
EWR,10,17.2,7.8,1017.4,3.6,0.0
EWR,11,10.0,0.0,1017.6,4.1,0.0
EWR,12,5.6,-2.2,1020.8,3.6,0.0
EYW,1,22.8,18.9,1019.9,4.6,0.0
EYW,2,25.0,20.0,1019.6,5.1,0.0
EYW,3,26.1,20.6,1017.6,5.1,0.0
EYW,4,27.2,20.85,1018.2,5.7,0.0
EYW,5,29.4,23.3,1015.6,4.1,0.0
EYW,6,30.6,25.0,1016.3,4.6,0.0
EYW,7,31.7,25.6,1018.1,3.6,0.0
EYW,8,31.7,25.6,1016.3,4.1,0.0
EYW,9,31.1,25.6,1013.6,3.6,0.0
EYW,10,28.9,23.3,1015.0,5.1,0.0
EYW,11,26.7,21.7,1015.8,5.1,0.0
EYW,12,23.3,18.9,1019.5,5.1,0.0
FAI,1,-18.3,-20.6,1010.0,0.0,0.0
FAI,2,-15.6,-18.9,1010.8499999999999,0.0,0.0
FAI,3,-9.4,-15.0,1008.9,1.5,0.0
FAI,4,0.6,-6.1,1009.75,2.1,0.0
FAI,5,10.6,0.0,1007.7,2.6,0.0
FAI,6,17.8,8.3,1010.2,2.1,0.0
FAI,7,17.8,10.6,1013.3,2.1,0.0
FAI,8,14.4,10.0,1010.2,2.1,0.0
FAI,9,8.3,4.4,1006.0,2.1,0.0
FAI,10,-1.7,-5.0,1009.7,2.1,0.0
FAI,11,-10.0,-12.8,1007.35,0.0,0.0
FAI,12,-18.3,-21.7,1003.6,0.0,0.0
FAR,1,-10.0,-13.3,1019.7,5.1,0.0
FAR,2,-7.2,-11.1,1017.0,4.6,0.0
FAR,3,-2.2,-7.2,1016.0,5.1,0.0
FAR,4,6.1,-1.1,1014.9,5.7,0.0
FAR,5,16.1,6.1,1013.6,4.6,0.0
FAR,6,21.1,13.3,1010.8,4.1,0.0
FAR,7,22.8,16.1,1013.1,3.6,0.0
FAR,8,21.1,16.1,1015.5,4.1,0.0
FAR,9,20.6,11.7,1013.6,4.6,0.0
FAR,10,11.1,3.3,1016.5,5.1,0.0
FAR,11,2.2,-1.7,1016.95,4.6,0.0
FAR,12,-2.8,-5.6,1018.1,4.6,0.0
FAT,1,,,,,
FAT,2,,,,,
FAT,3,,,,,
FAT,4,,,,,
FAT,5,,,,,
FAT,6,,,,,
FAT,7,,,,,
FAT,8,,,,,
FAT,9,,,,,
FAT,10,,,,,
FAT,11,,,,,
FAT,12,,,,,
FAY,1,10.0,0.3,1018.4,3.1,0.0
FAY,2,11.95,2.5,1017.5,3.6,0.0
FAY,3,15.0,5.0,1015.2,3.6,0.0
FAY,4,20.0,10.0,1016.7,4.1,0.0
FAY,5,21.95,15.0,1014.45,3.6,0.0
FAY,6,26.7,18.3,1012.3,3.1,0.0
FAY,7,27.2,22.2,1015.0,2.6,0.0
FAY,8,26.4,21.1,1014.3499999999999,3.1,0.0
FAY,9,22.8,18.9,1015.45,3.1,0.0
FAY,10,18.3,11.1,1019.2,3.1,0.0
FAY,11,14.4,7.2,1018.6,3.1,0.0
FAY,12,9.4,1.7,1022.9,3.1,0.0
FCA,1,-2.2,-3.9,1024.0,0.0,0.0
FCA,2,-1.1,-5.0,1018.45,2.6,0.0
FCA,3,2.8,-3.9,1012.55,2.6,0.0
FCA,4,7.2,-1.7,1015.6500000000001,3.6,0.0
FCA,5,14.4,5.0,1014.6,3.1,0.0
FCA,6,20.0,6.7,1013.4,2.6,0.0
FCA,7,25.0,9.4,1014.4,2.6,0.0
FCA,8,22.2,9.4,1015.8,2.6,0.0
FCA,9,17.8,7.2,1014.7,2.6,0.0
FCA,10,8.3,0.0,1019.8,1.5,0.0
FCA,11,1.1,-1.1,1018.4,1.5,0.0
FCA,12,0.0,-2.2,1021.9,0.0,0.0
FLG,1,,,,,
FLG,2,,,,,
FLG,3,,,,,
FLG,4,,,,,
FLG,5,,,,,
FLG,6,,,,,
FLG,7,,,,,
FLG,8,,,,,
FLG,9,,,,,
FLG,10,,,,,
FLG,11,,,,,
FLG,12,,,,,
FLL,1,,,,,
FLL,2,,,,,
FLL,3,,,,,
FLL,4,,,,,
FLL,5,,,,,
FLL,6,,,,,
FLL,7,,,,,
FLL,8,,,,,
FLL,9,,,,,
FLL,10,,,,,
FLL,11,,,,,
FLL,12,,,,,
FMN,5,9.4,-7.2,1013.8,2.6,0.0
FMN,6,13.9,-1.15,1013.55,2.6,0.0
FMN,7,19.4,5.6,1014.8,3.1,0.0
FNT,1,,,,,
FNT,2,,,,,
FNT,3,,,,,
FNT,4,,,,,
FNT,5,,,,,
FNT,6,,,,,
FNT,7,,,,,
FNT,8,,,,,
FNT,9,,,,,
FNT,10,,,,,
FNT,11,,,,,
FNT,12,,,,,
FOD,1,-3.9,-7.8,1021.3,4.1,0.0
FOD,2,1.1,-4.4,1019.7,4.35,0.0
FOD,3,4.4,-1.1,1015.9,5.1,0.0
FOD,4,11.7,2.2,1015.4,6.2,0.0
FOD,5,20.6,8.9,1015.4,4.1,0.0
FOD,6,24.7,16.7,1013.95,3.6,0.0
FOD,7,25.6,18.9,1016.2,3.1,0.0
FOD,8,25.85,19.4,1016.1,3.6,0.0
FOD,9,23.9,12.8,1017.7,3.6,0.0
FOD,10,16.1,5.0,1019.3,4.6,0.0
FOD,11,7.2,0.6,1020.5,3.6,0.0
FOD,12,1.1,-2.8,1020.25,3.6,0.0
FSD,1,-5.6,-10.0,1019.8,4.1,0.0
FSD,2,-2.2,-6.7,1017.0,4.1,0.0
FSD,3,1.1,-4.4,1015.05,5.1,0.0
FSD,4,10.0,0.0,1013.3,6.2,0.0
FSD,5,17.2,8.3,1014.0,4.6,0.0
FSD,6,22.8,15.0,1011.7,4.1,0.0
FSD,7,24.4,17.8,1013.9,3.6,0.0
FSD,8,23.3,17.2,1015.6,4.1,0.0
FSD,9,22.2,12.8,1015.55,4.1,0.0
FSD,10,13.3,3.9,1016.8,4.6,0.0
FSD,11,5.6,-1.1,1017.9,4.1,0.0
FSD,12,0.0,-4.4,1018.4,3.6,0.0
FSM,1,3.9,-1.1,1021.85,3.1,0.0
FSM,2,8.9,2.2,1018.4,3.1,0.0
FSM,3,13.3,5.6,1015.05,3.1,0.0
FSM,4,17.8,10.0,1014.4,3.6,0.0
FSM,5,21.7,16.7,1013.2,2.6,0.0
FSM,6,27.2,20.6,1012.6,2.6,0.0
FSM,7,28.9,22.2,1015.1,2.6,0.0
FSM,8,28.9,21.7,1015.3,2.6,0.0
FSM,9,23.9,17.2,1015.05,2.6,0.0
FSM,10,20.0,10.0,1018.2,2.6,0.0
FSM,11,11.7,7.8,1019.7,3.1,0.0
FSM,12,8.3,1.7,1021.4,3.1,0.0
FWA,1,-1.1,-5.6,1019.9,4.6,0.0
FWA,2,0.6,-3.9,1018.3499999999999,4.6,0.0
FWA,3,5.0,-1.1,1015.0,5.1,0.0
FWA,4,10.0,3.9,1017.6,4.6,0.0
FWA,5,16.1,8.9,1014.8,4.1,0.0
FWA,6,23.3,15.6,1014.4,4.1,0.0
FWA,7,24.4,18.9,1015.75,3.1,0.0
FWA,8,22.2,17.2,1016.1,3.1,0.0
FWA,9,20.0,13.9,1018.5,2.6,0.0
FWA,10,13.3,5.6,1018.9,3.6,0.0
FWA,11,7.8,1.7,1018.0,4.6,0.0
FWA,12,2.8,-0.6,1021.5,4.1,0.0
GCC,1,,,,,
GCC,2,,,,,
GCC,3,,,,,
GCC,4,,,,,
GCC,5,,,,,
GCC,6,,,,,
GCC,7,,,,,
GCC,8,,,,,
GCC,9,,,,,
GCC,10,,,,,
GCC,11,,,,,
GCC,12,,,,,
GCK,1,-2.2,-7.2,1018.8,4.6,0.0
GCK,2,0.8500000000000001,-6.1,1016.3,5.7,0.0
GCK,3,6.7,-3.9,1012.2,5.1,0.0
GCK,4,11.1,0.0,1013.3,5.7,0.0
GCK,5,15.6,9.4,1012.4,5.1,0.0
GCK,6,21.95,15.6,1010.5,5.1,0.0
GCK,7,23.05,16.95,1013.1500000000001,3.6,0.0
GCK,8,21.7,16.1,1014.3,4.1,0.0
GCK,9,19.4,11.1,1012.9,4.6,0.0
GCK,10,13.9,2.8,1015.3,4.85,0.0
GCK,11,6.7,-1.1,1016.2,4.6,0.0
GCK,12,2.2,-5.0,1018.9,4.6,0.0
GEG,1,0.0,-2.2,1022.3,2.6,0.0
GEG,2,1.1,-2.8,1016.9,3.1,0.0
GEG,3,5.0,-1.7,1012.4,3.6,0.0
GEG,4,8.9,-0.6,1016.8,3.6,0.0
GEG,5,15.0,3.9,1014.8,3.6,0.0
GEG,6,19.4,4.4,1013.6,3.6,0.0
GEG,7,25.6,6.1,1013.8,3.6,0.0
GEG,8,22.2,7.2,1014.6,3.1,0.0
GEG,9,17.8,6.7,1014.1,3.1,0.0
GEG,10,10.6,4.4,1018.4,3.1,0.0
GEG,11,3.3,1.1,1017.5,3.1,0.0
GEG,12,1.1,0.0,1021.5,2.6,0.0
GFK,1,-10.6,-13.3,1018.5,4.6,0.0
GFK,2,-6.1,-11.1,1015.7,5.1,0.0
GFK,3,-3.9,-10.0,1017.9,5.7,0.0
GFK,4,4.4,-1.7,1014.8,5.7,0.0
GFK,5,16.1,6.1,1013.6,4.6,0.0
GFK,6,21.7,12.2,1010.5,4.1,0.0
GFK,7,23.9,15.0,1012.6,3.6,0.0
GFK,8,21.7,15.0,1014.9,4.1,0.0
GFK,9,20.0,11.7,1013.4,4.1,0.0
GFK,10,10.0,2.8,1016.7,5.1,0.0
GFK,11,0.6,-2.8,1016.6500000000001,4.6,0.0
GFK,12,-3.9,-7.2,1017.9,4.6,0.0
GGG,1,,,,,
GGG,2,,,,,
GGG,3,,,,,
GGG,4,,,,,
GGG,5,,,,,
GGG,6,,,,,
GGG,7,,,,,
GGG,8,,,,,
GGG,9,,,,,
GGG,10,,,,,
GGG,11,,,,,
GGG,12,,,,,
GJT,1,,,,,
GJT,2,,,,,
GJT,3,,,,,
GJT,4,,,,,
GJT,5,,,,,
GJT,6,,,,,
GJT,7,,,,,
GJT,8,,,,,
GJT,9,,,,,
GJT,10,,,,,
GJT,11,,,,,
GJT,12,,,,,
GNV,1,,,,,
GNV,2,,,,,
GNV,3,,,,,
GNV,4,,,,,
GNV,5,,,,,
GNV,6,,,,,
GNV,7,,,,,
GNV,8,,,,,
GNV,9,,,,,
GNV,10,,,,,
GNV,11,,,,,
GNV,12,,,,,
GPT,1,,,,,
GPT,2,,,,,
GPT,3,,,,,
GPT,4,,,,,
GPT,5,,,,,
GPT,6,,,,,
GPT,7,,,,,
GPT,8,,,,,
GPT,9,,,,,
GPT,10,,,,,
GPT,11,,,,,
GPT,12,,,,,
GRB,1,-2.8,-7.2,1018.5,4.1,0.0
GRB,2,-1.7,-6.1,1017.1,4.1,0.0
GRB,3,1.1,-4.4,1015.0,4.6,0.0
GRB,4,7.8,0.6,1015.8,4.6,0.0
GRB,5,13.9,6.7,1016.3,3.6,0.0
GRB,6,20.6,13.9,1012.8,3.6,0.0
GRB,7,22.8,16.1,1014.3,2.6,0.0
GRB,8,21.7,15.6,1016.0,3.1,0.0
GRB,9,18.9,12.8,1018.7,3.1,0.0
GRB,10,12.2,4.4,1017.8,4.1,0.0
GRB,11,5.6,-0.6,1016.6,3.6,0.0
GRB,12,0.6,-3.9,1018.6,3.6,0.0
GRI,1,-2.2,-6.1,1022.7,4.6,0.0
GRI,2,0.6,-5.6,1018.4000000000001,5.1,0.0
GRI,3,5.0,-3.3,1014.8,6.2,0.0
GRI,4,11.7,0.0,1015.45,5.7,0.0
GRI,5,17.2,8.9,1014.2,4.6,0.0
GRI,6,23.3,15.6,1013.1,4.1,0.0
GRI,7,23.9,18.3,1015.25,3.6,0.0
GRI,8,23.9,17.2,1016.6,3.6,0.0
GRI,9,23.05,11.7,1015.8499999999999,4.1,0.0
GRI,10,15.0,3.9,1017.0,5.1,0.0
GRI,11,6.7,-1.7,1018.1500000000001,4.6,0.0
GRI,12,0.6,-4.4,1020.3499999999999,4.1,0.0
GRK,1,9.0,0.35,1021.3,3.6,0.0
GRK,2,14.75,6.0,1017.8499999999999,4.6,0.0499999999999999
GRK,3,19.1,10.7,1013.8499999999999,5.1,0.0
GRK,4,22.0,14.5,1013.3,5.1,0.3
GRK,5,24.3,19.1,1011.6,4.1,0.3
GRK,6,29.7,21.8,1011.55,4.1,0.3
GRK,7,30.7,21.0,1014.7,3.6,0.0
GRK,8,33.6,19.3,1013.8,3.6,0.4
GRK,9,29.0,19.0,1012.8,3.6,0.4
GRK,10,24.3,13.7,1016.6,4.1,0.0
GRK,11,17.5,10.0,1017.6,3.6,0.0
GRK,12,14.2,5.1,1021.1,3.6,0.10833333333333331
GRR,1,-1.1,-4.4,1018.4,4.6,0.0
GRR,2,-0.6,-5.0,1017.1,4.6,0.0
GRR,3,3.3,-2.8,1014.6,4.6,0.0
GRR,4,8.9,1.1,1015.7,5.1,0.0
GRR,5,16.1,7.8,1014.9,4.1,0.0
GRR,6,22.2,13.9,1013.5,4.1,0.0
GRR,7,24.4,17.2,1015.0,3.1,0.0
GRR,8,22.2,16.1,1015.9,3.6,0.0
GRR,9,19.4,13.3,1018.9,3.1,0.0
GRR,10,12.2,6.1,1017.6,4.1,0.0
GRR,11,6.1,1.1,1016.4,4.6,0.0
GRR,12,1.7,-0.6,1019.1,4.1,0.0
GSO,1,5.0,-3.3,1019.0,3.1,0.0
GSO,2,8.9,-0.6,1018.4,3.6,0.0
GSO,3,11.7,1.1,1015.9,3.6,0.0
GSO,4,16.7,9.4,1017.7,3.6,0.0
GSO,5,19.4,13.9,1014.6,3.1,0.0
GSO,6,23.3,17.8,1014.1,3.1,0.0
GSO,7,25.6,21.1,1015.9,2.6,0.0
GSO,8,23.9,19.4,1015.0,2.6,0.0
GSO,9,21.7,16.7,1016.3,2.6,0.0
GSO,10,16.1,8.9,1019.3,2.6,0.0
GSO,11,11.1,3.3,1019.1,2.6,0.0
GSO,12,6.7,-1.1,1022.6,2.6,0.0
GSP,1,6.7,-2.8,1019.6,2.6,0.0
GSP,2,10.6,0.0,1018.9,3.1,0.0
GSP,3,13.3,1.1,1016.0,3.1,0.0
GSP,4,17.2,10.0,1018.2,3.1,0.0
GSP,5,20.6,15.0,1015.0,3.1,0.0
GSP,6,25.0,17.8,1014.4,2.6,0.0
GSP,7,27.2,20.6,1016.3,2.1,0.0
GSP,8,25.6,19.4,1015.4,2.6,0.0
GSP,9,22.2,16.7,1016.7,2.6,0.0
GSP,10,17.8,9.4,1019.4,2.1,0.0
GSP,11,13.3,5.0,1019.3,2.6,0.0
GSP,12,8.3,-1.1,1023.0,2.6,0.0
GST,6,,,,,
GST,7,,,,,
GST,8,,,,,
GTF,1,,,,,
GTF,2,,,,,
GTF,3,,,,,
GTF,4,,,,,
GTF,5,,,,,
GTF,6,,,,,
GTF,7,,,,,
GTF,8,,,,,
GTF,9,,,,,
GTF,10,,,,,
GTF,11,,,,,
GTF,12,,,,,
GTR,1,9.4,2.8,1022.2,3.6,0.0
GTR,2,13.600000000000001,6.7,1020.0,4.1,0.0
GTR,3,15.6,9.4,1018.3499999999999,3.6,0.0
GTR,4,18.3,11.7,1017.9,4.1,0.0
GTR,5,24.4,18.9,1015.2,3.1,0.0
GTR,6,28.9,21.1,1015.0,2.6,0.0
GTR,7,30.0,23.3,1017.3,2.6,0.0
GTR,8,30.0,22.2,1016.5,2.6,0.0
GTR,9,23.9,19.4,1016.05,2.6,0.0
GTR,10,18.9,12.5,1019.95,2.6,0.0
GTR,11,15.6,9.4,1019.5,2.85,0.0
GTR,12,11.7,1.7,1022.85,3.1,0.0
GUC,1,,,,,
GUC,2,,,,,
GUC,3,,,,,
GUC,4,,,,,
GUC,5,,,,,
GUC,6,,,,,
GUC,7,,,,,
GUC,8,,,,,
GUC,9,,,,,
GUC,10,,,,,
GUC,11,,,,,
GUC,12,,,,,
HDN,1,-3.9,-8.3,1023.9,2.6,0.0
HDN,2,-1.7,-7.2,1021.4,2.6,0.0
HDN,3,1.1,-5.6,1015.9,3.1,0.0
HDN,4,4.4,-4.4,1014.4,3.6,0.0
HDN,5,12.2,0.6,1014.25,3.6,0.0
HDN,6,21.1,4.4,1013.6,3.6,0.0
HDN,7,25.0,4.4,1017.0,4.1,0.0
HDN,8,23.9,7.2,1018.2,3.6,0.0
HDN,9,20.6,0.6,1017.3499999999999,4.1,0.0
HDN,10,11.399999999999999,-2.2,1020.6,4.1,0.0
HDN,11,1.7,-6.7,1021.8499999999999,3.1,0.0
HDN,12,-0.6,-7.2,1024.9,2.6,0.0
HGR,1,1.1,-5.6,1020.1,3.1,0.0
HGR,2,5.85,-3.9,1016.15,3.1,0.0
HGR,3,9.4,-1.7,1016.7,4.1,0.0
HGR,4,15.0,5.0,1017.75,3.1,0.0
HGR,5,20.6,10.0,1015.8,2.6,0.0
HGR,6,27.2,16.7,1014.05,3.1,0.0
HGR,7,28.9,20.0,1015.5,3.1,0.0
HGR,8,26.1,18.9,1014.8,2.85,0.0
HGR,9,23.3,15.0,1017.9000000000001,3.6,0.0
HGR,10,17.8,5.6,1020.6,3.6,0.0
HGR,11,9.4,2.2,1018.5,3.6,0.0
HGR,12,4.7,-2.2,1022.5,2.6,0.0
HHH,1,13.0,5.0,,3.1,
HHH,2,16.0,10.0,,3.1,
HHH,3,19.0,13.0,,4.1,
HHH,4,23.0,16.0,,4.1,
HHH,5,26.0,20.0,,3.6,
HHH,6,29.0,22.0,,3.6,
HHH,7,30.0,24.0,,3.1,
HHH,8,30.0,24.0,,3.6,
HHH,9,27.0,21.0,,4.1,
HHH,10,24.0,17.0,,4.1,
HHH,11,19.0,13.0,,3.1,
HHH,12,14.0,8.0,,3.6,
HIB,1,,,,,
HIB,2,,,,,
HIB,3,,,,,
HIB,4,,,,,
HIB,5,,,,,
HIB,6,,,,,
HIB,7,,,,,
HIB,8,,,,,
HIB,9,,,,,
HIB,10,,,,,
HIB,11,,,,,
HIB,12,,,,,
HLN,1,-3.9,-8.9,1026.05,1.5,0.0
HLN,2,-2.8,-8.3,1020.8,2.1,0.0
HLN,3,1.7,-5.6,1014.1,2.6,0.0
HLN,4,6.1,-2.8,1016.2,3.1,0.0
HLN,5,12.8,2.8,1015.5,3.1,0.0
HLN,6,16.7,5.0,1014.6,2.6,0.0
HLN,7,22.8,7.2,1015.9,2.1,0.0
HLN,8,20.6,8.600000000000001,1017.4,2.1,0.0
HLN,9,15.0,6.1,1015.5,2.1,0.0
HLN,10,8.9,1.7,1020.5,1.5,0.0
HLN,11,2.8,-5.3,1019.6,2.1,0.0
HLN,12,1.7,-5.6,1022.3,1.5,0.0
HNL,1,,,,,
HNL,2,,,,,
HNL,3,,,,,
HNL,4,,,,,
HNL,5,,,,,
HNL,6,,,,,
HNL,7,,,,,
HNL,8,,,,,
HNL,9,,,,,
HNL,10,,,,,
HNL,11,,,,,
HNL,12,,,,,
HOB,1,,,,,
HOB,2,,,,,
HOB,3,,,,,
HOB,4,,,,,
HOB,5,,,,,
HOB,6,,,,,
HOB,7,,,,,
HOB,8,,,,,
HOB,9,,,,,
HOB,10,,,,,
HOB,11,,,,,
HOB,12,,,,,
HOU,1,13.9,6.1,1021.0,4.6,0.0
HOU,2,18.3,12.2,1019.1,4.6,0.0
HOU,3,21.7,15.6,1015.4,4.6,0.0
HOU,4,23.9,17.8,1015.2,5.1,0.0
HOU,5,26.7,21.1,1012.7,4.6,0.0
HOU,6,29.4,23.3,1012.9,4.1,0.0
HOU,7,29.4,23.9,1016.3,3.1,0.0
HOU,8,32.2,23.3,1015.1,3.6,0.0
HOU,9,29.4,22.2,1013.3,3.6,0.0
HOU,10,25.6,17.2,1017.0,4.1,0.0
HOU,11,19.4,14.4,1017.9,4.1,0.0
HOU,12,16.7,10.0,1021.9,4.1,0.0
HPN,1,,,,,
HPN,2,,,,,
HPN,3,,,,,
HPN,4,,,,,
HPN,5,,,,,
HPN,6,,,,,
HPN,7,,,,,
HPN,8,,,,,
HPN,9,,,,,
HPN,10,,,,,
HPN,11,,,,,
HPN,12,,,,,
HRL,1,18.3,11.7,1019.3,5.7,0.0
HRL,2,21.7,15.6,1017.2,6.2,0.0
HRL,3,24.4,18.3,1012.6,6.2,0.0
HRL,4,26.1,21.1,1012.3,6.7,0.0
HRL,5,28.9,23.9,1009.7,6.2,0.0
HRL,6,30.6,24.4,1010.8,6.2,0.0
HRL,7,30.6,24.4,1014.3,5.7,0.0
HRL,8,31.1,24.4,1013.8,4.6,0.0
HRL,9,30.0,23.9,1011.5,4.1,0.0
HRL,10,26.7,20.6,1015.3,4.1,0.0
HRL,11,22.8,16.1,1015.4,4.6,0.0
HRL,12,20.0,16.7,1019.8,4.1,0.0
HSV,1,6.1,-0.6,1021.2,3.6,0.0
HSV,2,12.2,3.3,1019.3,3.6,0.0
HSV,3,15.0,5.6,1016.5,3.6,0.0
HSV,4,18.9,11.7,1017.9,3.6,0.0
HSV,5,22.2,17.2,1014.5,3.1,0.0
HSV,6,26.1,20.0,1014.4,2.6,0.0
HSV,7,27.2,22.8,1016.6,2.1,0.0
HSV,8,26.7,21.1,1015.8,2.1,0.0
HSV,9,23.9,17.8,1015.7,2.6,0.0
HSV,10,19.4,10.6,1019.5,2.6,0.0
HSV,11,15.6,7.8,1018.9,3.1,0.0
HSV,12,10.0,0.6,1023.5,3.1,0.0
HTS,1,2.2,-3.9,1021.2,3.1,0.0
HTS,2,7.8,-2.8,1015.6,3.1,0.0
HTS,3,12.5,-1.9500000000000002,1014.9,2.6,0.0
HTS,4,17.2,3.5999999999999996,1017.0,2.6,0.0
HTS,5,21.1,12.2,1014.4,2.6,0.0
HTS,6,25.6,17.8,1014.5,2.6,0.0
HTS,7,27.2,20.0,1015.9,2.1,0.0
HTS,8,26.7,19.4,1014.4,2.1,0.0
HTS,9,23.9,15.6,1018.1500000000001,2.1,0.0
HTS,10,18.3,6.7,1018.2,2.1,0.0
HTS,11,11.7,1.7,1018.4,2.1,0.0
HTS,12,8.3,0.0,1021.45,2.1,0.0
HYA,5,17.8,8.3,1018.1,4.1,0.0
HYA,6,21.7,16.4,1013.2,4.6,0.0
HYA,7,25.0,20.0,1015.25,4.6,0.0
HYA,8,23.3,18.3,1014.6,4.1,0.0
HYA,9,22.2,16.7,1014.0,4.6,0.0
HYS,1,,,,,
HYS,2,,,,,
HYS,3,,,,,
HYS,4,,,,,
HYS,5,,,,,
HYS,6,,,,,
HYS,7,,,,,
HYS,8,,,,,
HYS,9,,,,,
HYS,10,,,,,
HYS,11,,,,,
HYS,12,,,,,
IAD,1,,,,,
IAD,2,,,,,
IAD,3,,,,,
IAD,4,,,,,
IAD,5,,,,,
IAD,6,,,,,
IAD,7,,,,,
IAD,8,,,,,
IAD,9,,,,,
IAD,10,,,,,
IAD,11,,,,,
IAD,12,,,,,
IAG,1,-0.6,-4.4,1017.4,5.1,0.0
IAG,2,-0.3,-5.6,1018.55,5.7,0.0
IAG,3,3.9,-2.5,1015.3499999999999,5.7,0.0
IAG,4,9.4,2.2,1015.8,4.6,0.0
IAG,5,17.2,7.8,1014.95,4.1,0.0
IAG,6,22.8,15.0,1014.2,4.1,0.0
IAG,7,25.6,17.8,1014.0,3.6,0.0
IAG,8,23.9,16.7,1013.3,3.1,0.0
IAG,9,21.1,15.0,1017.8,3.6,0.0
IAG,10,12.2,6.7,1016.9,4.1,0.0
IAG,11,7.8,1.1,1016.55,5.1,0.0
IAG,12,3.3,-1.1,1021.0,3.1,0.0
IAH,1,,,,,
IAH,2,,,,,
IAH,3,,,,,
IAH,4,,,,,
IAH,5,,,,,
IAH,6,,,,,
IAH,7,,,,,
IAH,8,,,,,
IAH,9,,,,,
IAH,10,,,,,
IAH,11,,,,,
IAH,12,,,,,
ICT,1,0.0,-4.4,1021.4,4.1,0.0
ICT,2,3.9,-2.8,1017.6,5.1,0.0
ICT,3,10.0,0.6,1013.8,6.2,0.0
ICT,4,15.3,5.0,1014.0,6.2,0.0
ICT,5,20.0,12.8,1013.6,4.1,0.0
ICT,6,25.6,18.3,1011.8,4.1,0.0
ICT,7,27.2,20.0,1014.0,4.1,0.0
ICT,8,26.1,18.9,1015.1,4.1,0.0
ICT,9,23.3,13.9,1015.0,4.1,0.0
ICT,10,17.8,6.1,1017.7,5.1,0.0
ICT,11,9.4,3.9,1018.2,4.6,0.0
ICT,12,5.0,-1.1,1019.9,4.6,0.0
IDA,1,,,,,
IDA,2,,,,,
IDA,3,,,,,
IDA,4,,,,,
IDA,5,,,,,
IDA,6,,,,,
IDA,7,,,,,
IDA,8,,,,,
IDA,9,,,,,
IDA,10,,,,,
IDA,11,,,,,
IDA,12,,,,,
ILM,1,,,,,
ILM,2,,,,,
ILM,3,,,,,
ILM,4,,,,,
ILM,5,,,,,
ILM,6,,,,,
ILM,7,,,,,
ILM,8,,,,,
ILM,9,,,,,
ILM,10,,,,,
ILM,11,,,,,
ILM,12,,,,,
IMT,1,,,,,
IMT,2,,,,,
IMT,3,,,,,
IMT,4,,,,,
IMT,5,,,,,
IMT,6,,,,,
IMT,7,,,,,
IMT,8,,,,,
IMT,9,,,,,
IMT,10,,,,,
IMT,11,,,,,
IMT,12,,,,,
IND,1,0.0,-3.9,1020.45,4.6,0.0
IND,2,3.3,-2.8,1017.4,4.6,0.0
IND,3,7.2,0.0,1015.0,5.1,0.0
IND,4,12.8,4.4,1015.9,4.6,0.0
IND,5,18.9,11.1,1014.1,4.1,0.0
IND,6,23.9,16.1,1013.8,3.6,0.0
IND,7,25.0,19.4,1015.3,3.6,0.0
IND,8,23.9,17.8,1015.4,3.6,0.0
IND,9,21.1,13.9,1017.5,3.1,0.0
IND,10,15.6,6.1,1018.7,3.6,0.0
IND,11,8.9,2.2,1018.4,4.1,0.0
IND,12,4.4,-0.6,1021.2,4.1,0.0
INL,1,,,,,
INL,2,,,,,
INL,3,,,,,
INL,4,,,,,
INL,5,,,,,
INL,6,,,,,
INL,7,,,,,
INL,8,,,,,
INL,9,,,,,
INL,10,,,,,
INL,11,,,,,
INL,12,,,,,
ISP,1,,,,,
ISP,2,,,,,
ISP,3,,,,,
ISP,4,,,,,
ISP,5,,,,,
ISP,6,,,,,
ISP,7,,,,,
ISP,8,,,,,
ISP,9,,,,,
ISP,10,,,,,
ISP,11,,,,,
ISP,12,,,,,
ITH,1,,,,,
ITH,2,,,,,
ITH,3,,,,,
ITH,4,,,,,
ITH,5,,,,,
ITH,6,,,,,
ITH,7,,,,,
ITH,8,,,,,
ITH,9,,,,,
ITH,10,,,,,
ITH,11,,,,,
ITH,12,,,,,
ITO,1,23.3,18.9,1015.9,3.1,0.0
ITO,2,22.2,18.3,1018.9,3.1,0.0
ITO,3,23.3,18.9,1018.5,3.1,0.0
ITO,4,24.4,18.9,1017.7,3.1,0.0
ITO,5,24.4,19.4,1017.9,3.1,0.0
ITO,6,25.6,20.0,1018.2,3.1,0.0
ITO,7,26.1,20.6,1017.7,3.1,0.0
ITO,8,25.6,21.1,1017.1,3.1,0.0
ITO,9,26.1,21.1,1016.0,2.6,0.0
ITO,10,25.6,21.1,1016.0,2.6,0.0
ITO,11,24.0,20.6,1016.6,2.6,0.0
ITO,12,23.3,20.0,1017.3,2.6,0.0
JAC,1,-5.6,-10.0,1025.8,2.1,0.0
JAC,2,-2.8,-7.8,1021.0,4.1,0.0
JAC,3,-1.1,-6.7,1016.2,3.6,0.0
JAC,4,2.8,-5.6,1017.3,3.6,0.0
JAC,5,10.0,-0.6,1016.55,3.1,0.0
JAC,6,14.4,3.3,1016.1,2.6,0.0
JAC,7,19.4,5.0,1018.9,2.6,0.0
JAC,8,16.1,6.7,1020.4,2.1,0.0
JAC,9,14.4,2.2,1019.6,2.6,0.0
JAC,10,9.15,-2.2,1022.4,2.6,0.0
JAC,11,0.0,-7.2,1023.1,3.1,0.0
JAC,12,-2.2,-7.2,1026.8,2.1,0.0
JAN,1,9.15,2.2,1021.9,3.6,0.0
JAN,2,14.4,6.7,1019.6,3.6,0.0
JAN,3,17.2,10.0,1016.5,3.6,0.0
JAN,4,20.6,14.4,1017.0,3.6,0.0
JAN,5,24.4,19.4,1014.0,2.6,0.0
JAN,6,27.2,21.7,1014.1,2.6,0.0
JAN,7,28.9,23.3,1016.5,2.1,0.0
JAN,8,31.1,20.6,1015.1500000000001,2.6,0.0
JAN,9,26.1,18.9,1014.6,2.6,0.0
JAN,10,21.1,12.2,1018.6,2.6,0.0
JAN,11,16.1,11.7,1018.5,3.1,0.0
JAN,12,12.2,2.8,1022.6,3.1,0.0
JAX,1,13.3,5.0,1020.8,3.1,0.0
JAX,2,17.0,11.0,1020.2,3.6,0.0
JAX,3,19.4,13.15,1017.3,3.6,0.0
JAX,4,23.3,15.6,1018.5,3.6,0.0
JAX,5,26.1,19.4,1014.6,3.1,0.0
JAX,6,28.3,21.7,1014.6,3.1,0.0
JAX,7,28.9,23.3,1016.8,2.6,0.0
JAX,8,28.9,23.9,1015.2,3.1,0.0
JAX,9,26.7,21.7,1014.4,3.1,0.0
JAX,10,22.8,17.2,1017.4,3.1,0.0
JAX,11,19.4,14.4,1018.3,3.1,0.0
JAX,12,15.0,10.0,1022.3,3.1,0.0
JFK,1,3.3,-3.3,1016.3,5.7,0.0
JFK,2,3.9,-3.3,1017.2,5.1,0.0
JFK,3,7.8,0.0,1015.3,6.2,0.0
JFK,4,11.7,4.4,1017.0,5.7,0.0
JFK,5,17.2,10.0,1015.1,4.6,0.0
JFK,6,22.2,16.1,1014.2,4.6,0.0
JFK,7,26.1,21.7,1015.0,4.6,0.0
JFK,8,23.9,18.3,1015.1,4.6,0.0
JFK,9,21.1,15.0,1017.8,4.6,0.0
JFK,10,16.1,9.4,1017.9,4.1,0.0
JFK,11,10.0,1.1,1017.7,5.1,0.0
JFK,12,5.6,-1.7,1021.2,5.1,0.0
JLN,1,0.6,-4.4,1022.2,3.6,0.0
JLN,2,4.7,-1.1,1018.55,3.6,0.0
JLN,3,10.6,1.7,1014.5,4.6,0.0
JLN,4,14.4,6.7,1014.6500000000001,4.6,0.0
JLN,5,18.3,14.4,1013.8,2.6,0.0
JLN,6,24.15,18.9,1012.9,3.1,0.0
JLN,7,26.7,20.0,1014.8,3.6,0.0
JLN,8,24.7,19.4,1015.4,3.1,0.0
JLN,9,20.6,14.4,1015.6,3.1,0.0
JLN,10,17.2,6.7,1018.7,3.1,0.0
JLN,11,9.4,2.8,1019.3,3.1,0.0
JLN,12,5.0,0.0,1019.8,3.1,0.0
JMS,1,-8.3,-11.7,1019.3,5.4,0.0
JMS,2,-3.05,-8.3,1016.0,6.2,0.0
JMS,3,-0.6,-7.2,1015.45,6.2,0.0
JMS,4,8.3,-0.6,1015.05,6.7,0.0
JMS,5,21.1,6.1,1014.7,6.2,0.0
JMS,6,23.9,13.3,1011.9,5.1,0.0
JMS,7,25.6,15.6,1013.55,4.1,0.0
JMS,8,23.9,16.1,1015.8,4.6,0.0
JMS,9,22.8,12.2,1013.6,4.6,0.0
JMS,10,14.4,2.5,1016.9,5.7,0.0
JMS,11,3.3,-2.2,1016.7,4.6,0.0
JMS,12,-1.1,-5.0,1018.1,4.6,0.0
JNU,1,,,,,
JNU,2,,,,,
JNU,3,,,,,
JNU,4,,,,,
JNU,5,,,,,
JNU,6,,,,,
JNU,7,,,,,
JNU,8,,,,,
JNU,9,,,,,
JNU,10,,,,,
JNU,11,,,,,
JNU,12,,,,,
JST,1,,,,,
JST,2,,,,,
JST,3,,,,,
JST,4,,,,,
JST,5,,,,,
JST,6,,,,,
JST,7,,,,,
JST,8,,,,,
JST,9,,,,,
JST,10,,,,,
JST,11,,,,,
JST,12,,,,,
KOA,1,26.1,18.9,1015.4,4.1,0.0
KOA,2,25.6,18.3,1017.1,3.6,0.0
KOA,3,26.1,18.9,1017.2,4.1,0.0
KOA,4,26.7,19.4,1016.5,4.1,0.0
KOA,5,27.2,20.0,1016.4,4.6,0.0
KOA,6,27.2,20.6,1016.6500000000001,4.1,0.0
KOA,7,27.8,20.6,1016.2,4.1,0.0
KOA,8,28.3,20.6,1015.6,4.1,0.0
KOA,9,28.3,21.1,1014.7,4.1,0.0
KOA,10,28.3,21.1,1015.0,4.1,0.0
KOA,11,27.2,20.0,1015.1,3.6,0.0
KOA,12,26.7,18.9,1015.9,3.6,0.0
KTN,1,,,,,
KTN,2,,,,,
KTN,3,,,,,
KTN,4,,,,,
KTN,5,,,,,
KTN,6,,,,,
KTN,7,,,,,
KTN,8,,,,,
KTN,9,,,,,
KTN,10,,,,,
KTN,11,,,,,
KTN,12,,,,,
LAN,1,,,,,
LAN,2,,,,,
LAN,3,,,,,
LAN,4,,,,,
LAN,5,,,,,
LAN,6,,,,,
LAN,7,,,,,
LAN,8,,,,,
LAN,9,,,,,
LAN,10,,,,,
LAN,11,,,,,
LAN,12,,,,,
LAR,1,-5.0,-11.1,1020.0,4.1,0.0
LAR,2,-0.6,-10.0,1015.7,5.1,0.0
LAR,3,2.8,-8.3,1010.6,7.2,0.0
LAR,4,8.9,-6.7,1011.8499999999999,7.2,0.0
LAR,5,13.9,0.0,1009.8,6.2,0.0
LAR,6,21.7,4.4,1010.5,6.2,0.0
LAR,7,24.4,3.9,1014.1,4.6,0.0
LAR,8,23.05,5.6,1014.7,5.7,0.0
LAR,9,20.0,0.0,1013.5,4.6,0.0
LAR,10,13.9,-3.9,1017.0,4.6,0.0
LAR,11,2.8,-10.0,1018.2,5.7,0.0
LAR,12,1.1,-9.4,1019.45,4.6,0.0
LAS,1,10.0,-5.6,1019.2,2.1,0.0
LAS,2,12.2,-4.4,1016.5,2.6,0.0
LAS,3,14.4,-3.3,1012.8,3.6,0.0
LAS,4,21.1,-5.0,1011.3,3.6,0.0
LAS,5,27.8,-2.2,1008.4,3.1,0.0
LAS,6,32.8,0.0,1007.0,3.1,0.0
LAS,7,37.2,2.8,1008.4,3.1,0.0
LAS,8,34.4,6.7,1010.6,3.1,0.0
LAS,9,29.4,3.9,1010.2,2.1,0.0
LAS,10,23.9,-1.1,1013.4,2.1,0.0
LAS,11,14.4,-6.7,1017.9,2.1,0.0
LAS,12,12.2,-5.6,1020.4,1.5,0.0
LAW,1,,,,,
LAW,2,,,,,
LAW,3,,,,,
LAW,4,,,,,
LAW,5,,,,,
LAW,6,,,,,
LAW,7,,,,,
LAW,8,,,,,
LAW,9,,,,,
LAW,10,,,,,
LAW,11,,,,,
LAW,12,,,,,
LAX,1,,,,,
LAX,2,,,,,
LAX,3,,,,,
LAX,4,,,,,
LAX,5,,,,,
LAX,6,,,,,
LAX,7,,,,,
LAX,8,,,,,
LAX,9,,,,,
LAX,10,,,,,
LAX,11,,,,,
LAX,12,,,,,
LBB,1,4.4,-5.6,1018.7,4.6,0.0
LBB,2,7.8,-4.4,1015.5,5.1,0.0
LBB,3,13.3,-2.8,1011.3,5.7,0.0
LBB,4,17.2,2.8,1010.95,6.2,0.0
LBB,5,21.7,10.0,1009.3,5.1,0.0
LBB,6,26.7,16.7,1009.8,5.7,0.0
LBB,7,28.3,16.7,1013.1,4.6,0.0
LBB,8,30.0,13.9,1013.4,4.6,0.0
LBB,9,24.4,13.9,1012.7,3.6,0.0
LBB,10,19.4,7.2,1015.8,4.6,0.0
LBB,11,11.1,2.8,1016.0,4.1,0.0
LBB,12,8.3,-2.2,1019.0,4.6,0.0
LBE,1,0.5,-4.0,,3.5999999999999996,
LBE,2,7.0,-4.0,,4.85,
LBE,3,10.0,-1.0,,3.6,
LBE,4,14.5,8.0,,4.6,
LBE,5,19.0,7.0,,5.1,
LBE,6,25.0,17.0,,4.1,
LBE,7,27.0,19.0,,3.35,
LBE,8,26.0,15.0,,3.6,
LBE,9,22.0,15.0,,2.85,
LBE,10,15.0,7.0,,3.6,
LBE,11,11.0,2.0,,3.1,
LBE,12,0.0,-6.0,,6.2,
LBF,1,-4.4,-7.8,1022.3,2.6,0.0
LBF,2,-1.1,-5.6,1018.6,3.1,0.0
LBF,3,5.0,-3.9,1013.0,4.6,0.0
LBF,4,10.85,-0.6,1015.7,5.7,0.0
LBF,5,17.2,8.3,1013.0,4.1,0.0
LBF,6,23.3,15.0,1011.5,4.1,0.0
LBF,7,23.9,17.2,1013.95,3.6,0.0
LBF,8,22.8,16.1,1015.3,3.6,0.0
LBF,9,20.0,11.399999999999999,1014.3,3.1,0.0
LBF,10,11.1,2.8,1017.4,3.1,0.0
LBF,11,3.9,-2.8,1019.4,3.1,0.0
LBF,12,-0.6,-6.1,1021.0,3.1,0.0
LBL,1,3.3,-5.0,1022.0,4.6,0.0
LBL,2,8.3,-6.1,1018.3,5.7,0.0
LBL,3,13.3,-2.2,1013.3,6.7,0.0
LBL,4,19.4,0.6,1013.8499999999999,7.2,0.0
LBL,5,22.8,10.6,1012.3,6.2,0.0
LBL,6,27.2,17.2,1011.5,6.2,0.0
LBL,7,30.6,18.3,1013.7,5.1,0.0
LBL,8,31.950000000000003,16.95,1014.6500000000001,5.7,0.0
LBL,9,27.2,11.7,1013.8,5.1,0.0
LBL,10,20.6,4.7,1017.5,5.7,0.0
LBL,11,11.7,1.7,1018.2,4.6,0.0
LBL,12,6.7,-2.8,1020.5,4.6,0.0
LCH,1,12.2,6.1,1021.2,4.1,0.0
LCH,2,16.7,11.1,1020.1500000000001,4.1,0.0
LCH,3,20.6,15.0,1016.7,4.6,0.0
LCH,4,23.3,17.8,1016.8,4.6,0.0
LCH,5,25.6,21.1,1013.9,4.1,0.0
LCH,6,29.4,23.9,1014.0,3.1,0.0
LCH,7,30.0,23.9,1017.1,2.6,0.0
LCH,8,32.8,23.3,1016.0,3.1,0.0
LCH,9,29.4,21.7,1014.2,3.1,0.0
LCH,10,24.4,16.1,1018.1,3.6,0.0
LCH,11,18.9,14.4,1018.25,3.1,0.0
LCH,12,15.0,8.9,1023.1,3.6,0.0
LCK,1,0.1,-3.5,,3.6,0.5
LCK,2,4.4,-1.9,,4.1,0.65
LCK,3,9.149999999999999,0.0,,4.6,0.5
LCK,4,14.850000000000001,3.8,,3.6,0.5
LCK,5,20.1,10.9,,3.1,0.8
LCK,6,24.8,17.1,,3.1,0.5
LCK,7,26.25,20.15,,2.6,1.3
LCK,8,26.0,18.4,,3.1,0.3
LCK,9,23.5,14.3,,2.6,1.0
LCK,10,15.4,7.9,,3.1,
LCK,11,9.75,2.4,,3.6,1.3
LCK,12,5.800000000000001,0.85,,3.1,0.5
LEX,1,,,,,
LEX,2,,,,,
LEX,3,,,,,
LEX,4,,,,,
LEX,5,,,,,
LEX,6,,,,,
LEX,7,,,,,
LEX,8,,,,,
LEX,9,,,,,
LEX,10,,,,,
LEX,11,,,,,
LEX,12,,,,,
LFT,1,,,,,
LFT,2,,,,,
LFT,3,,,,,
LFT,4,,,,,
LFT,5,,,,,
LFT,6,,,,,
LFT,7,,,,,
LFT,8,,,,,
LFT,9,,,,,
LFT,10,,,,,
LFT,11,,,,,
LFT,12,,,,,
LGA,1,3.9,-5.0,1016.2,5.1,0.0
LGA,2,4.4,-5.6,1016.8,5.1,0.0
LGA,3,7.8,-2.8,1015.5,5.7,0.0
LGA,4,12.2,2.2,1016.7,5.1,0.0
LGA,5,17.8,7.8,1014.4,4.6,0.0
LGA,6,23.3,13.9,1013.6,4.6,0.0
LGA,7,27.2,19.4,1014.4,4.1,0.0
LGA,8,24.4,16.7,1014.6,4.6,0.0
LGA,9,21.1,13.3,1017.7,4.1,0.0
LGA,10,16.7,7.8,1017.6,4.1,0.0
LGA,11,10.6,-0.6,1017.2,4.6,0.0
LGA,12,5.6,-2.8,1020.5,4.6,0.0
LGB,1,15.0,6.7,1018.8,2.1,0.0
LGB,2,15.0,8.3,1017.3,2.6,0.0
LGB,3,15.6,8.9,1017.1,3.1,0.0
LGB,4,16.7,9.4,1015.5,3.1,0.0
LGB,5,18.3,11.7,1014.1,3.1,0.0
LGB,6,20.0,13.9,1012.9,3.1,0.0
LGB,7,22.8,15.6,1013.5,3.1,0.0
LGB,8,24.4,16.7,1013.7,3.1,0.0
LGB,9,22.2,15.0,1012.3,2.6,0.0
LGB,10,20.6,14.4,1013.8,2.1,0.0
LGB,11,18.9,6.7,1016.4,2.1,0.0
LGB,12,16.1,10.0,1018.7,1.5,0.0
LIH,1,24.4,18.9,1016.3,4.6,0.0
LIH,2,23.9,18.9,1018.9,5.7,0.0
LIH,3,23.9,18.9,1018.7,6.2,0.0
LIH,4,24.4,20.0,1018.0,6.2,0.0
LIH,5,25.6,20.0,1018.4,6.2,0.0
LIH,6,26.7,21.1,1018.9,6.2,0.0
LIH,7,27.2,21.1,1018.5,6.7,0.0
LIH,8,28.3,21.7,1017.8,6.2,0.0
LIH,9,27.8,21.7,1016.7,6.2,0.0
LIH,10,26.7,21.7,1016.5,4.6,0.0
LIH,11,25.6,20.6,1017.1,6.2,0.0
LIH,12,23.9,20.0,1018.1,5.1,0.0
LIT,1,5.6,-1.1,1023.1,3.1,0.0
LIT,2,10.0,3.3,1019.5,3.6,0.0
LIT,3,15.0,5.6,1016.4,4.1,0.0
LIT,4,18.9,11.1,1016.0,3.6,0.0
LIT,5,22.8,17.2,1014.4,3.1,0.0
LIT,6,28.3,20.6,1013.7,3.1,0.0
LIT,7,28.9,22.2,1016.2,3.1,0.0
LIT,8,28.9,21.1,1016.2,2.6,0.0
LIT,9,24.4,17.8,1015.6,2.6,0.0
LIT,10,20.6,10.0,1019.1,2.6,0.0
LIT,11,14.4,6.1,1019.7,3.1,0.0
LIT,12,10.0,1.7,1022.5,3.1,0.0
LNK,1,-2.8,-7.8,1024.0,4.1,0.0
LNK,2,-1.1,-7.8,1020.45,4.6,0.0
LNK,3,6.7,-1.7,1012.4,5.1,0.0
LNK,4,11.7,2.2,1015.6,5.7,0.0
LNK,5,18.3,9.4,1015.3,4.1,0.0
LNK,6,25.0,17.2,1012.3,4.1,0.0
LNK,7,25.0,19.4,1014.7,3.6,0.0
LNK,8,24.4,17.8,1017.0,3.6,0.0
LNK,9,23.9,11.7,1016.1,3.6,0.0
LNK,10,16.1,5.0,1018.0,4.6,0.0
LNK,11,8.05,1.1,1018.25,4.1,0.0
LNK,12,1.1,-3.9,1020.6,4.1,0.0
LRD,1,,,,,
LRD,2,,,,,
LRD,3,,,,,
LRD,4,,,,,
LRD,5,,,,,
LRD,6,,,,,
LRD,7,,,,,
LRD,8,,,,,
LRD,9,,,,,
LRD,10,,,,,
LRD,11,,,,,
LRD,12,,,,,
LSE,1,-3.3,-7.2,1017.1,4.1,0.0
LSE,2,-2.2,-7.8,1018.0,3.6,0.0
LSE,3,1.7,-5.0,1016.1,4.1,0.0
LSE,4,9.4,0.0,1015.7,4.6,0.0
LSE,5,17.5,7.2,1013.8,3.6,0.0
LSE,6,22.2,15.6,1012.2,3.1,0.0
LSE,7,23.3,18.3,1014.45,3.1,0.0
LSE,8,22.8,16.1,1017.0,3.1,0.0
LSE,9,19.4,12.8,1017.1,3.1,0.0
LSE,10,12.0,4.4,1017.9,3.6,0.0
LSE,11,5.3,0.8500000000000001,1017.3,3.6,0.0
LSE,12,-7.8,-11.1,1029.1,5.1,0.0
LWS,1,2.8,-1.4,1023.8,2.1,0.0
LWS,2,5.6,0.0,1016.8,2.1,0.0
LWS,3,7.8,0.0,1013.8499999999999,2.1,0.0
LWS,4,10.0,1.7,1017.3499999999999,2.1,0.0
LWS,5,15.6,5.6,1015.2,2.1,0.0
LWS,6,20.0,6.7,1013.5,2.1,0.0
LWS,7,26.4,7.2,1013.8,2.1,0.0
LWS,8,22.8,9.4,1014.9,1.5,0.0
LWS,9,18.6,7.2,1014.0,2.1,0.0
LWS,10,10.6,4.4,1018.7,1.5,0.0
LWS,11,6.1,1.7,1017.8,2.1,0.0
LWS,12,4.4,0.0,1021.7,2.1,0.0
MAF,1,6.1,-4.4,1018.7,4.6,0.0
MAF,2,10.0,-2.8,1015.5,5.1,0.0
MAF,3,15.6,-0.6,1011.45,5.1,0.0
MAF,4,21.1,3.3,1010.4,5.7,0.0
MAF,5,24.4,11.1,1008.2,5.1,0.0
MAF,6,28.9,16.1,1008.7,6.2,0.0
MAF,7,28.9,16.7,1012.3,4.6,0.0
MAF,8,31.7,14.4,1012.8,4.6,0.0
MAF,9,25.6,15.0,1011.8,4.1,0.0
MAF,10,21.1,9.4,1015.2,4.6,0.0
MAF,11,12.8,2.8,1015.6,4.1,0.0
MAF,12,10.6,0.0,1019.0,4.1,0.0
MBS,1,,,,,
MBS,2,,,,,
MBS,3,,,,,
MBS,4,,,,,
MBS,5,,,,,
MBS,6,,,,,
MBS,7,,,,,
MBS,8,,,,,
MBS,9,,,,,
MBS,10,,,,,
MBS,11,,,,,
MBS,12,,,,,
MCI,1,0.0,-3.9,1021.0,4.1,0.0
MCI,2,3.9,-2.8,1017.4,4.6,0.0
MCI,3,8.3,0.6,1014.0,5.1,0.0
MCI,4,14.4,5.0,1014.0,5.1,0.0
MCI,5,19.4,12.2,1013.5,3.6,0.0
MCI,6,25.0,18.3,1012.1,3.6,0.0
MCI,7,26.1,20.6,1014.3,3.6,0.0
MCI,8,25.0,19.4,1015.8,3.6,0.0
MCI,9,23.3,13.9,1016.1,3.6,0.0
MCI,10,17.2,5.6,1018.2,4.6,0.0
MCI,11,8.9,2.2,1018.8,4.1,0.0
MCI,12,3.3,-0.6,1019.0,4.1,0.0
MCO,1,,,,,
MCO,2,,,,,
MCO,3,,,,,
MCO,4,,,,,
MCO,5,,,,,
MCO,6,,,,,
MCO,7,,,,,
MCO,8,,,,,
MCO,9,,,,,
MCO,10,,,,,
MCO,11,,,,,
MCO,12,,,,,
MCW,1,,,,,
MCW,2,,,,,
MCW,3,,,,,
MCW,4,,,,,
MCW,5,,,,,
MCW,6,,,,,
MCW,7,,,,,
MCW,8,,,,,
MCW,9,,,,,
MCW,10,,,,,
MCW,11,,,,,
MCW,12,,,,,
MDT,1,2.2,-3.9,1018.1,3.6,0.0
MDT,2,3.3,-3.9,1017.2,3.1,0.0
MDT,3,7.8,-1.7,1015.2,4.1,0.0
MDT,4,13.3,4.4,1016.4,3.6,0.0
MDT,5,17.8,10.6,1014.6,2.6,0.0
MDT,6,23.3,15.6,1014.0,3.1,0.0
MDT,7,26.7,20.0,1014.7,2.6,0.0
MDT,8,24.4,17.8,1014.6,2.6,0.0
MDT,9,20.0,14.4,1017.2,2.6,0.0
MDT,10,15.6,7.8,1018.3,2.6,0.0
MDT,11,8.9,1.1,1018.3,3.1,0.0
MDT,12,4.4,-1.7,1021.05,2.6,0.0
MDW,1,,,,,
MDW,2,,,,,
MDW,3,,,,,
MDW,4,,,,,
MDW,5,,,,,
MDW,6,,,,,
MDW,7,,,,,
MDW,8,,,,,
MDW,9,,,,,
MDW,10,,,,,
MDW,11,,,,,
MDW,12,,,,,
MEI,1,8.9,2.8,1021.5,2.6,0.0
MEI,2,13.3,6.1,1019.8,3.1,0.0
MEI,3,16.1,10.0,1016.8,3.1,0.0
MEI,4,20.0,13.9,1017.4,3.1,0.0
MEI,5,22.8,18.9,1014.6,2.1,0.0
MEI,6,26.7,21.1,1014.6,2.6,0.0
MEI,7,27.2,23.3,1016.8,2.1,0.0
MEI,8,27.75,22.2,1015.3,2.6,0.0
MEI,9,24.4,19.4,1015.0,2.6,0.0
MEI,10,20.0,13.9,1019.1,2.6,0.0
MEI,11,16.1,11.7,1018.95,2.6,0.0
MEI,12,11.7,3.3,1023.4,2.6,0.0
MEM,1,5.0,-0.6,1022.0,3.6,0.0
MEM,2,10.0,3.9,1019.2,4.1,0.0
MEM,3,13.9,5.0,1016.3,4.1,0.0
MEM,4,17.8,11.1,1016.4,4.1,0.0
MEM,5,21.7,17.2,1014.2,3.6,0.0
MEM,6,26.7,20.0,1013.6,3.1,0.0
MEM,7,27.8,22.2,1016.1,3.1,0.0
MEM,8,27.2,21.0,1015.6,3.1,0.0
MEM,9,24.4,17.2,1015.8,2.6,0.0
MEM,10,20.0,10.0,1018.9,3.1,0.0
MEM,11,13.9,7.2,1019.0,3.1,0.0
MEM,12,10.0,0.6,1021.6,3.6,0.0
MFE,1,17.2,10.6,1020.0,4.1,0.0
MFE,2,21.1,14.4,1017.3,5.1,0.0
MFE,3,23.9,17.8,1012.5,4.6,0.0
MFE,4,25.6,20.6,1012.6,5.7,0.0
MFE,5,28.3,23.3,1009.7,5.1,0.0
MFE,6,30.6,23.9,1010.9,5.1,0.0
MFE,7,30.6,23.9,1014.4,5.1,0.0
MFE,8,32.2,23.9,1013.8,3.6,0.0
MFE,9,29.4,23.3,1011.4,3.6,0.0
MFE,10,25.6,20.6,1015.95,3.1,0.0
MFE,11,22.2,16.1,1015.55,3.6,0.0
MFE,12,20.0,15.6,1019.8,3.1,0.0
MFR,1,5.6,1.1,1021.1,1.5,0.0
MFR,2,5.6,1.1,1018.4,1.5,0.0
MFR,3,7.2,1.1,1014.4,1.5,0.0
MFR,4,10.6,2.8,1018.3,1.5,0.0
MFR,5,15.6,5.6,1015.9,2.1,0.0
MFR,6,21.1,7.2,1014.1,2.1,0.0
MFR,7,27.2,9.4,1014.2,2.1,0.0
MFR,8,24.4,10.0,1014.3,1.5,0.0
MFR,9,18.9,7.8,1014.1,1.5,0.0
MFR,10,13.3,6.7,1017.2,0.0,0.0
MFR,11,8.3,3.9,1019.3,0.0,0.0
MFR,12,6.7,3.9,1020.0,1.5,0.0
MGM,1,10.0,1.7,1021.5,2.6,0.0
MGM,2,15.0,6.1,1019.5,3.1,0.0
MGM,3,17.8,8.9,1017.0,3.1,0.0
MGM,4,21.1,13.9,1017.95,3.1,0.0
MGM,5,24.4,18.3,1014.7,2.6,0.0
MGM,6,28.3,21.1,1014.3499999999999,2.35,0.0
MGM,7,29.4,22.8,1016.6,2.1,0.0
MGM,8,31.7,21.7,1015.4,2.6,0.0
MGM,9,26.1,19.4,1014.7,2.6,0.0
MGM,10,21.95,13.600000000000001,1019.0,2.6,0.0
MGM,11,17.2,11.1,1018.5,2.6,0.0
MGM,12,11.7,2.8,1023.4,3.1,0.0
MGW,1,,,,,
MGW,2,,,,,
MGW,3,,,,,
MGW,4,,,,,
MGW,5,,,,,
MGW,6,,,,,
MGW,7,,,,,
MGW,12,,,,,
MHK,1,,,,,
MHK,2,,,,,
MHK,3,,,,,
MHK,4,,,,,
MHK,5,,,,,
MHK,6,,,,,
MHK,7,,,,,
MHK,8,,,,,
MHK,9,,,,,
MHK,10,,,,,
MHK,11,,,,,
MHK,12,,,,,
MHT,1,,,,,
MHT,2,,,,,
MHT,3,,,,,
MHT,4,,,,,
MHT,5,,,,,
MHT,6,,,,,
MHT,7,,,,,
MHT,8,,,,,
MHT,9,,,,,
MHT,10,,,,,
MHT,11,,,,,
MHT,12,,,,,
MIA,1,,,,,
MIA,2,,,,,
MIA,3,,,,,
MIA,4,,,,,
MIA,5,,,,,
MIA,6,,,,,
MIA,7,,,,,
MIA,8,,,,,
MIA,9,,,,,
MIA,10,,,,,
MIA,11,,,,,
MIA,12,,,,,
MKE,1,,,,,
MKE,2,,,,,
MKE,3,,,,,
MKE,4,,,,,
MKE,5,,,,,
MKE,6,,,,,
MKE,7,,,,,
MKE,8,,,,,
MKE,9,,,,,
MKE,10,,,,,
MKE,11,,,,,
MKE,12,,,,,
MLB,1,,,,,
MLB,2,,,,,
MLB,3,,,,,
MLB,4,,,,,
MLB,5,,,,,
MLB,6,,,,,
MLB,7,,,,,
MLB,8,,,,,
MLB,9,,,,,
MLB,10,,,,,
MLB,11,,,,,
MLB,12,,,,,
MLI,1,-1.1,-5.0,1020.1,4.1,0.0
MLI,2,1.7,-3.9,1017.6,4.1,0.0
MLI,3,6.1,-1.1,1014.1,5.1,0.0
MLI,4,11.7,2.8,1014.5,5.1,0.0
MLI,5,17.8,8.9,1014.1500000000001,3.6,0.0
MLI,6,24.4,16.1,1012.7,3.6,0.0
MLI,7,25.0,19.4,1014.6,2.6,0.0
MLI,8,23.3,18.3,1015.8,3.1,0.0
MLI,9,21.1,13.3,1016.7,2.6,0.0
MLI,10,14.4,5.3,1018.6,3.6,0.0
MLI,11,7.2,0.6,1018.5,4.1,0.0
MLI,12,2.2,-1.1,1018.1,3.6,0.0
MLU,1,,,,,
MLU,2,,,,,
MLU,3,,,,,
MLU,4,,,,,
MLU,5,,,,,
MLU,6,,,,,
MLU,7,,,,,
MLU,8,,,,,
MLU,9,,,,,
MLU,10,,,,,
MLU,11,,,,,
MLU,12,,,,,
MOB,1,12.8,5.0,1020.8,3.6,0.0
MOB,2,17.2,9.4,1019.6500000000001,3.6,0.0
MOB,3,19.4,13.3,1017.1,4.1,0.0
MOB,4,22.8,15.6,1017.8,4.1,0.0
MOB,5,26.1,19.4,1014.2,3.1,0.0
MOB,6,28.9,22.2,1014.0,2.6,0.0
MOB,7,29.4,23.3,1016.9,2.1,0.0
MOB,8,31.7,22.2,1015.6,2.6,0.0
MOB,9,27.2,20.0,1014.1,2.6,0.0
MOB,10,22.8,14.4,1018.2,3.1,0.0
MOB,11,18.3,13.9,1018.0,3.1,0.0
MOB,12,13.9,7.2,1022.7,3.1,0.0
MOT,1,,,,,
MOT,2,,,,,
MOT,3,,,,,
MOT,4,,,,,
MOT,5,,,,,
MOT,6,,,,,
MOT,7,,,,,
MOT,8,,,,,
MOT,9,,,,,
MOT,10,,,,,
MOT,11,,,,,
MOT,12,,,,,
MQT,1,-8.45,-11.0,,4.1,
MQT,2,-10.0,-14.0,,3.6,
MQT,3,-3.5,-6.5,,4.1,
MQT,4,-1.0,-2.0,,3.6,
MQT,5,3.0,1.0,,3.1,
MQT,6,13.0,11.0,,3.1,
MQT,7,15.0,13.0,,2.1,
MQT,8,13.0,11.0,,2.1,
MQT,9,12.0,11.0,,1.5,
MQT,10,4.5,2.0,,2.6,
MQT,11,1.5,0.0,,3.35,
MQT,12,-6.0,-7.5,,4.1,
MRY,1,12.2,5.85,1022.1,2.6,0.0
MRY,2,12.2,7.2,1020.1,2.6,0.0
MRY,3,12.2,7.8,1019.25,3.1,0.0
MRY,4,12.8,8.9,1019.3,3.1,0.0
MRY,5,13.9,9.4,1017.2,3.6,0.0
MRY,6,14.4,10.6,1016.1,3.6,0.0
MRY,7,15.6,11.7,1016.8,3.1,0.0
MRY,8,17.2,12.8,1017.0,3.1,0.0
MRY,9,17.2,12.2,1015.3,2.6,0.0
MRY,10,16.7,11.1,1017.4,2.1,0.0
MRY,11,15.0,6.7,1019.4,2.1,0.0
MRY,12,13.3,8.3,1021.9,2.1,0.0
MSN,1,-2.8,-6.7,1019.3,3.1,0.0
MSN,2,-1.1,-6.7,1017.6,3.1,0.0
MSN,3,2.8,-3.9,1014.1,4.1,0.0
MSN,4,8.9,0.6,1015.0,4.1,0.0
MSN,5,15.6,7.2,1014.7,3.1,0.0
MSN,6,22.2,13.9,1012.6,3.1,0.0
MSN,7,23.3,16.7,1014.6,2.6,0.0
MSN,8,23.3,16.1,1016.2,3.1,0.0
MSN,9,19.4,12.8,1018.2,3.1,0.0
MSN,10,12.8,4.4,1017.8,3.6,0.0
MSN,11,6.1,0.0,1017.1500000000001,3.1,0.0
MSN,12,0.6,-3.3,1018.7,3.1,0.0
MSO,1,,,,,
MSO,2,,,,,
MSO,3,,,,,
MSO,4,,,,,
MSO,5,,,,,
MSO,6,,,,,
MSO,7,,,,,
MSO,8,,,,,
MSO,9,,,,,
MSO,10,,,,,
MSO,11,,,,,
MSO,12,,,,,
MSP,1,,,,,
MSP,2,,,,,
MSP,3,,,,,
MSP,4,,,,,
MSP,5,,,,,
MSP,6,,,,,
MSP,7,,,,,
MSP,8,,,,,
MSP,9,,,,,
MSP,10,,,,,
MSP,11,,,,,
MSP,12,,,,,
MSY,1,13.3,7.2,1021.7,4.1,0.0
MSY,2,17.8,11.7,1019.9,4.1,0.0
MSY,3,20.6,15.6,1016.9,4.1,0.0
MSY,4,23.3,17.8,1017.5,4.6,0.0
MSY,5,27.2,21.7,1014.2,3.6,0.0
MSY,6,30.0,23.9,1014.1,3.1,0.0
MSY,7,30.0,25.0,1017.0,2.6,0.0
MSY,8,31.7,24.4,1015.8,3.1,0.0
MSY,9,28.3,22.8,1014.0,3.1,0.0
MSY,10,24.4,17.2,1018.2,3.6,0.0
MSY,11,20.0,16.7,1018.0,4.1,0.0
MSY,12,15.6,10.6,1023.1,3.6,0.0
MTJ,1,1.7,-7.8,1018.3,2.6,0.0
MTJ,2,4.4,-7.8,1017.4,2.6,0.0
MTJ,3,7.8,-5.6,1012.3,3.1,0.0
MTJ,4,10.6,-6.7,1013.2,3.1,0.0
MTJ,5,18.9,-1.7,1011.7,3.1,0.0
MTJ,6,26.1,1.1,1011.1,3.6,0.0
MTJ,7,30.0,3.9,1014.1,3.1,0.0
MTJ,8,26.7,8.9,1016.6,3.1,0.0
MTJ,9,22.2,3.9,1015.6,3.1,0.0
MTJ,10,15.850000000000001,-0.6,1019.3,2.6,0.0
MTJ,11,5.0,-4.4,1019.9,2.6,0.0
MTJ,12,4.4,-7.2,1022.6,2.1,0.0
MVY,5,18.9,8.3,1017.7,5.7,0.0
MVY,6,21.7,17.2,1014.2,5.1,0.0
MVY,7,25.0,21.1,1015.2,4.6,0.0
MVY,8,23.9,18.9,1014.8,4.6,0.0
MVY,9,22.2,15.6,1016.5,4.6,0.0
MVY,10,17.8,12.2,1016.9,4.1,0.0
MYR,1,10.6,2.2,1020.7,3.6,0.0
MYR,2,13.3,7.2,1019.8,3.6,0.0
MYR,3,16.7,10.6,1017.2,4.6,0.0
MYR,4,20.6,16.1,1019.1500000000001,4.6,0.0
MYR,5,23.3,18.9,1015.1,4.1,0.0
MYR,6,27.2,22.8,1014.9,4.1,0.0
MYR,7,28.9,25.0,1016.9,4.1,0.0
MYR,8,28.3,25.0,1015.8,4.1,0.3
MYR,9,25.6,21.7,1015.7,3.6,0.0
MYR,10,21.1,15.0,1019.3,3.6,0.0
MYR,11,16.7,10.6,1019.9,3.1,0.0
MYR,12,12.2,6.1,1023.6,3.1,0.0
OAJ,1,8.3,0.0,1020.5,2.6,0.0
OAJ,2,11.1,5.0,1019.0,3.1,0.0
OAJ,3,13.9,7.2,1017.3499999999999,3.1,0.0
OAJ,4,18.05,11.7,1018.0,3.1,0.0
OAJ,5,21.4,16.7,1016.1,3.1,0.25
OAJ,6,23.9,19.4,1014.0,2.6,0.0
OAJ,7,26.1,23.3,1016.8,2.1,0.0
OAJ,8,25.6,22.2,1016.4,2.6,0.5
OAJ,9,23.3,20.0,1016.3499999999999,2.6,0.0
OAJ,10,17.2,12.2,1020.3499999999999,2.1,0.0
OAJ,11,13.9,8.9,1019.1500000000001,2.6,0.0
OAJ,12,8.9,3.3,1024.2,2.6,0.2
OAK,1,,,,,
OAK,2,,,,,
OAK,3,,,,,
OAK,4,,,,,
OAK,5,,,,,
OAK,6,,,,,
OAK,7,,,,,
OAK,8,,,,,
OAK,9,,,,,
OAK,10,,,,,
OAK,11,,,,,
OAK,12,,,,,
OGG,1,,,,,
OGG,2,,,,,
OGG,3,,,,,
OGG,4,,,,,
OGG,5,,,,,
OGG,6,,,,,
OGG,7,,,,,
OGG,8,,,,,
OGG,9,,,,,
OGG,10,,,,,
OGG,11,,,,,
OGG,12,,,,,
OKC,1,,,,,
OKC,2,,,,,
OKC,3,,,,,
OKC,4,,,,,
OKC,5,,,,,
OKC,6,,,,,
OKC,7,,,,,
OKC,8,,,,,
OKC,9,,,,,
OKC,10,,,,,
OKC,11,,,,,
OKC,12,,,,,
OMA,1,,,,,
OMA,2,,,,,
OMA,3,,,,,
OMA,4,,,,,
OMA,5,,,,,
OMA,6,,,,,
OMA,7,,,,,
OMA,8,,,,,
OMA,9,,,,,
OMA,10,,,,,
OMA,11,,,,,
OMA,12,,,,,
OME,1,-10.6,-13.600000000000001,1005.8,3.6,0.0
OME,2,-10.6,-15.0,1006.7,3.6,0.0
OME,3,-9.4,-13.05,1011.25,3.6,0.0
OME,4,-3.9,-8.9,1012.25,3.6,0.0
OME,5,3.3,-0.8500000000000001,1010.1,4.1,0.0
OME,6,11.1,5.6,1009.2,4.6,0.0
OME,7,11.1,8.9,1012.4,5.1,0.0
OME,8,10.6,8.9,1007.8,4.6,0.0
OME,9,7.2,4.4,1005.05,4.85,0.0
OME,10,1.7,-3.9,1009.7,4.1,0.0
OME,11,-3.9,-7.2,1002.05,4.1,0.0
OME,12,-10.6,-15.0,998.0,3.8499999999999996,0.0
ONT,1,,,,,
ONT,2,,,,,
ONT,3,,,,,
ONT,4,,,,,
ONT,5,,,,,
ONT,6,,,,,
ONT,7,,,,,
ONT,8,,,,,
ONT,9,,,,,
ONT,10,,,,,
ONT,11,,,,,
ONT,12,,,,,
ORD,1,,,,,
ORD,2,,,,,
ORD,3,,,,,
ORD,4,,,,,
ORD,5,,,,,
ORD,6,,,,,
ORD,7,,,,,
ORD,8,,,,,
ORD,9,,,,,
ORD,10,,,,,
ORD,11,,,,,
ORD,12,,,,,
ORF,1,,,,,
ORF,2,,,,,
ORF,3,,,,,
ORF,4,,,,,
ORF,5,,,,,
ORF,6,,,,,
ORF,7,,,,,
ORF,8,,,,,
ORF,9,,,,,
ORF,10,,,,,
ORF,11,,,,,
ORF,12,,,,,
ORH,1,,,,,
ORH,2,,,,,
ORH,3,,,,,
ORH,4,,,,,
ORH,5,,,,,
ORH,6,,,,,
ORH,7,,,,,
ORH,8,,,,,
ORH,9,,,,,
ORH,10,,,,,
ORH,11,,,,,
ORH,12,,,,,
OTH,1,11.1,7.2,1021.3,3.35,0.0
OTH,2,10.0,6.7,1018.5999999999999,4.6,0.0
OTH,3,10.0,6.1,1015.1,4.6,0.0
OTH,4,12.2,7.2,1020.9,5.1,0.0
OTH,5,14.4,9.4,1019.8,6.7,0.0
OTH,6,15.6,11.1,1019.3,7.45,0.0
OTH,7,17.8,12.8,1019.2,7.2,0.0
OTH,8,20.0,13.9,1018.3499999999999,5.7,0.0
OTH,9,18.3,12.8,1017.2,5.7,0.0
OTH,10,16.1,11.7,1018.9,4.6,0.0
OTH,11,13.3,8.9,1019.7,3.6,0.0
OTH,12,12.2,9.4,1017.6,3.6,0.0
OTZ,1,,,,,
OTZ,2,,,,,
OTZ,3,,,,,
OTZ,4,,,,,
OTZ,5,,,,,
OTZ,6,,,,,
OTZ,7,,,,,
OTZ,8,,,,,
OTZ,9,,,,,
OTZ,10,,,,,
OTZ,11,,,,,
OTZ,12,,,,,
OWB,1,,,,,
OWB,2,,,,,
OWB,3,,,,,
OWB,4,,,,,
OWB,5,,,,,
PAE,1,,,,,
PAE,2,,,,,
PAE,3,,,,,
PAE,4,,,,,
PAE,5,,,,,
PAE,6,,,,,
PAE,7,,,,,
PAE,8,,,,,
PAE,9,,,,,
PAE,10,,,,,
PAE,11,,,,,
PAE,12,,,,,
PBI,1,21.1,15.0,1020.2,4.6,0.0
PBI,2,23.3,17.2,1019.9,4.6,0.0
PBI,3,24.4,17.2,1017.4,5.1,0.0
PBI,4,26.1,17.8,1018.2,5.7,0.0
PBI,5,28.9,21.7,1015.0,4.6,0.0
PBI,6,29.4,23.3,1015.6,4.6,0.0
PBI,7,30.6,24.4,1017.9,4.1,0.0
PBI,8,30.0,25.0,1015.8,4.1,0.0
PBI,9,30.0,24.4,1013.4,3.6,0.0
PBI,10,27.2,21.7,1014.9,5.1,0.0
PBI,11,25.6,19.4,1016.5,5.1,0.0
PBI,12,22.2,16.7,1020.0,4.6,0.0
PDX,1,6.1,2.2,1020.3,3.1,0.0
PDX,2,6.1,2.2,1017.3,3.1,0.0
PDX,3,8.9,3.3,1014.7,3.1,0.0
PDX,4,11.7,4.4,1019.2,2.6,0.0
PDX,5,15.0,7.2,1018.2,2.6,0.0
PDX,6,17.8,9.4,1017.2,2.6,0.0
PDX,7,21.7,11.7,1017.0,2.6,0.0
PDX,8,21.7,12.8,1016.5,2.6,0.0
PDX,9,17.8,11.1,1016.0,2.1,0.0
PDX,10,13.9,8.9,1018.0,2.1,0.0
PDX,11,9.4,5.0,1018.4,2.6,0.0
PDX,12,7.8,3.9,1018.5,3.6,0.0
PGD,1,19.4,12.2,1020.75,4.1,0.0
PGD,2,22.8,15.6,1020.1,4.1,0.0
PGD,3,23.9,16.1,1017.5,4.1,0.0
PGD,4,26.7,17.2,1018.4,4.1,0.0
PGD,5,29.4,20.6,1015.4,3.6,0.0
PGD,6,29.4,22.8,1016.1,3.1,0.0
PGD,7,30.6,23.9,1017.8,2.6,0.0
PGD,8,31.1,24.4,1015.75,3.1,0.0
PGD,9,30.0,23.9,1013.6,2.6,0.0
PGD,10,27.2,19.4,1015.7,4.1,0.0
PGD,11,23.9,17.2,1016.9,3.6,0.0
PGD,12,21.1,15.0,1020.5,4.1,0.0
PGV,1,,,,,
PGV,2,,,,,
PGV,3,,,,,
PGV,4,,,,,
PGV,5,,,,,
PHF,12,12.25,2.2,1030.95,4.15,0.0
PHL,1,,,,,
PHL,2,,,,,
PHL,3,,,,,
PHL,4,,,,,
PHL,5,,,,,
PHL,6,,,,,
PHL,7,,,,,
PHL,8,,,,,
PHL,9,,,,,
PHL,10,,,,,
PHL,11,,,,,
PHL,12,,,,,
PHX,1,13.9,-1.1,1017.3,2.1,0.0
PHX,2,17.2,0.0,1014.9,2.6,0.0
PHX,3,18.9,1.7,1013.0,3.1,0.0
PHX,4,25.0,-0.6,1010.2,3.1,0.0
PHX,5,30.6,0.0,1007.8,3.6,0.0
PHX,6,35.6,2.2,1006.3,3.1,0.0
PHX,7,38.9,12.2,1007.9,3.1,0.0
PHX,8,37.8,13.9,1008.8,3.1,0.0
PHX,9,35.0,5.0,1007.5,3.1,0.0
PHX,10,29.4,0.6,1010.1,2.6,0.0
PHX,11,20.6,-2.8,1014.0,2.1,0.0
PHX,12,17.2,-2.8,1017.0,2.1,0.0
PIA,1,-1.1,-5.0,1021.7,3.6,0.0
PIA,2,1.7,-3.9,1018.5,3.6,0.0
PIA,3,8.3,-0.6,1014.5,4.6,0.0
PIA,4,12.8,3.9,1015.4,4.1,0.0
PIA,5,18.9,8.9,1014.6,3.6,0.0
PIA,6,25.0,17.2,1013.6,3.6,0.0
PIA,7,26.1,20.6,1015.3,2.6,0.0
PIA,8,24.4,18.9,1015.6500000000001,2.6,0.0
PIA,9,21.7,14.4,1017.2,2.6,0.0
PIA,10,15.6,5.6,1018.5,3.1,0.0
PIA,11,7.8,1.1,1018.25,3.6,0.0
PIA,12,3.3,-0.6,1019.0,3.6,0.0
PIB,1,9.4,3.3,1023.3,2.6,0.0
PIB,2,16.4,8.3,1020.8,2.6,0.0
PIB,3,20.0,13.3,1017.8,3.6,0.0
PIB,4,23.3,16.1,1018.3,3.6,0.0
PIB,5,27.2,20.0,1015.0,2.6,0.0
PIB,6,30.0,23.3,1014.95,2.1,0.0
PIB,7,31.1,24.4,1017.45,2.1,0.0
PIB,8,33.9,23.3,1016.3,2.6,0.0
PIB,9,29.4,20.6,1014.9,2.6,0.0
PIB,10,25.3,15.0,1018.6500000000001,2.6,0.0
PIB,11,18.3,13.9,1018.9,2.6,0.0
PIB,12,13.9,4.4,1023.55,2.6,0.0
PIE,1,16.7,11.1,1020.8,4.1,0.0
PIE,2,20.6,16.1,1020.3,3.6,0.0
PIE,3,22.8,16.7,1017.4,4.6,0.0
PIE,4,25.0,17.8,1018.1,4.6,0.0
PIE,5,28.3,21.7,1015.1,3.6,0.0
PIE,6,29.4,23.3,1015.6,3.6,0.0
PIE,7,30.6,24.4,1017.2,2.85,0.0
PIE,8,30.6,25.0,1015.5,3.6,0.0
PIE,9,29.4,24.4,1013.4,3.1,0.0
PIE,10,26.1,20.0,1015.25,4.1,0.0
PIE,11,22.8,17.8,1017.05,3.6,0.0
PIE,12,19.0,15.3,1020.6,3.6,0.0
PIH,1,-3.3,-7.2,1025.0,2.6,0.0
PIH,2,0.0,-4.4,1017.7,4.1,0.0
PIH,3,1.7,-2.8,1014.35,4.1,0.0
PIH,4,5.6,-2.2,1015.4,4.35,0.0
PIH,5,8.9,2.2,1013.95,3.6,0.0
PIH,6,13.350000000000001,5.3,1012.55,3.1,0.0
PIH,7,20.3,7.2,1014.6,3.1,0.0
PIH,8,16.1,7.2,1015.2,2.6,0.0
PIH,9,12.75,5.0,1015.5,2.6,0.0
PIH,10,7.8,1.7,1019.1,2.6,0.0
PIH,11,0.0,-4.4,1021.4,2.85,0.0
PIH,12,0.0,-3.9,1024.8000000000002,3.1,0.0
PIT,1,0.6,-4.4,1019.2,3.6,0.0
PIT,2,2.2,-5.0,1017.8,3.6,0.0
PIT,3,7.2,-2.8,1015.6,4.1,0.0
PIT,4,12.2,2.8,1017.2,3.6,0.0
PIT,5,17.2,9.4,1015.2,3.1,0.0
PIT,6,22.2,15.0,1015.1,3.1,0.0
PIT,7,24.4,17.8,1016.4,2.6,0.0
PIT,8,23.3,16.7,1015.8,2.6,0.0
PIT,9,20.0,13.3,1019.1,2.6,0.0
PIT,10,13.3,5.6,1019.6,2.6,0.0
PIT,11,7.8,0.6,1019.4,3.6,0.0
PIT,12,3.9,-2.2,1020.6,3.1,0.0
PLN,1,-2.8,-6.7,1017.2,3.6,0.0
PLN,2,-2.8,-7.8,1016.5,4.1,0.0
PLN,3,0.6,-5.6,1015.8,4.6,0.0
PLN,4,7.8,-1.1,1015.3,4.85,0.0
PLN,5,16.1,4.4,1015.75,4.1,0.0
PLN,6,20.6,11.7,1013.2,3.6,0.0
PLN,7,23.3,15.0,1014.7,3.1,0.0
PLN,8,21.1,13.9,1015.7,3.1,0.0
PLN,9,16.7,10.6,1019.1,2.6,0.0
PLN,10,10.6,3.9,1017.1,3.6,0.0
PLN,11,3.9,-1.1,1014.2,3.6,0.0
PLN,12,0.0,-2.8,1018.25,3.1,0.0
PNS,1,12.2,3.9,1021.4,4.1,0.0
PNS,2,17.2,9.4,1020.3,3.6,0.0
PNS,3,18.9,12.8,1017.1,4.6,0.0
PNS,4,22.2,16.7,1018.5,4.6,0.0
PNS,5,25.6,20.0,1014.7,3.6,0.0
PNS,6,28.3,22.2,1014.9,3.6,0.0
PNS,7,29.4,23.3,1016.9,3.1,0.0
PNS,8,30.6,21.7,1015.4,3.6,0.0
PNS,9,26.1,20.6,1014.0,3.1,0.0
PNS,10,22.8,14.4,1018.3,3.6,0.0
PNS,11,20.0,13.3,1018.2,3.6,0.0
PNS,12,14.4,6.1,1022.75,3.6,0.0
PQI,1,-11.649999999999999,-13.3,1010.25,2.1,0.0
PQI,2,-13.9,-16.1,1017.9,2.6,0.0
PQI,3,-3.9,-6.7,1015.4,3.1,0.0
PQI,4,0.6,0.0,1018.25,3.6,0.0
PQI,5,6.1,4.4,1017.8,2.1,0.0
PQI,6,12.5,11.1,1016.8499999999999,2.1,0.0
PQI,7,15.0,13.3,1017.2,1.5,0.0
PQI,9,10.0,9.7,1023.3,0.0,0.0
PQI,10,5.0,2.2,1018.15,2.1,0.0
PQI,11,2.2,0.0,1012.0,3.6,0.0
PQI,12,-9.75,-11.649999999999999,1023.0,1.5,0.0
PRC,1,,,,,
PRC,2,,,,,
PRC,3,,,,,
PRC,4,,,,,
PRC,5,,,,,
PRC,6,,,,,
PRC,7,,,,,
PRC,8,,,,,
PRC,9,,,,,
PRC,10,,,,,
PRC,11,,,,,
PRC,12,,,,,
PSC,1,,,,,
PSC,2,,,,,
PSC,3,,,,,
PSC,4,,,,,
PSC,5,,,,,
PSC,6,,,,,
PSC,7,,,,,
PSC,8,,,,,
PSC,9,,,,,
PSC,10,,,,,
PSC,11,,,,,
PSC,12,,,,,
PSE,1,,,,,
PSE,2,,,,,
PSE,3,,,,,
PSE,4,,,,,
PSE,5,,,,,
PSE,6,,,,,
PSE,7,,,,,
PSE,8,,,,,
PSE,9,,,,,
PSE,10,,,,,
PSE,11,,,,,
PSE,12,,,,,
PSG,1,1.7,1.1,1011.95,1.5,0.0
PSG,2,1.7,-0.6,1013.25,1.5,0.0
PSG,3,4.4,1.1,1010.7,2.1,0.0
PSG,4,6.7,2.8,1016.2,2.6,0.0
PSG,5,10.0,5.6,1016.55,2.6,0.0
PSG,6,13.9,9.0,1017.9,2.6,0.0
PSG,7,15.6,12.0,1019.1,2.6,0.0
PSG,8,15.6,11.7,1019.45,2.1,0.0
PSG,9,11.7,9.4,1015.6,2.1,0.0
PSG,10,7.8,5.6,1034.6999999999998,2.1,0.0
PSG,11,4.4,2.8,1037.9,1.5,0.0
PSG,12,3.0,1.7,1023.8,1.5,0.0
PSM,1,-0.4,-7.8,1014.9,3.6,0.0
PSM,2,-0.05,-8.5,1016.8,3.6,0.0
PSM,3,4.9,-2.3,1016.2,4.1,0.10833333333333325
PSM,4,10.7,1.7,1016.9,4.6,0.0666666666666666
PSM,5,16.0,9.0,1014.65,4.1,0.0499999999999999
PSM,6,21.0,14.2,1013.7,3.1,0.3
PSM,7,24.8,18.9,1014.1,3.1,0.2583333333333333
PSM,8,22.5,16.9,1014.8,3.1,0.15
PSM,9,20.1,13.2,1018.9,3.1,0.5
PSM,10,14.65,7.4,1017.65,3.1,0.0
PSM,11,6.9,-0.1,1012.5,3.6,0.3
PSM,12,2.0,-4.0,1020.6,3.1,0.0
PSP,1,,,,,
PSP,2,,,,,
PSP,3,,,,,
PSP,4,,,,,
PSP,5,,,,,
PSP,6,,,,,
PSP,7,,,,,
PSP,8,,,,,
PSP,9,,,,,
PSP,10,,,,,
PSP,11,,,,,
PSP,12,,,,,
PUB,1,6.7,-7.8,1014.8499999999999,3.1,0.0
PVD,1,1.1,-4.4,1015.0,4.1,0.0
PVD,2,1.1,-4.4,1016.1,4.1,0.0
PVD,3,6.1,-2.2,1015.1,4.6,0.0
PVD,4,10.6,2.8,1016.8,4.6,0.0
PVD,5,15.6,8.3,1015.0,4.1,0.0
PVD,6,20.6,15.0,1014.1,4.1,0.0
PVD,7,24.4,20.0,1014.9,3.6,0.0
PVD,8,22.8,17.2,1014.9,3.6,0.0
PVD,9,19.4,13.3,1018.4,3.6,0.0
PVD,10,14.4,8.3,1017.6,3.6,0.0
PVD,11,7.2,0.0,1015.3,3.6,0.0
PVD,12,3.3,-2.2,1020.6,3.1,0.0
PVU,1,-0.6,-4.0,1023.6,2.1,0.0
PVU,2,1.1,-3.5999999999999996,1020.7,2.6,0.0
PVU,3,4.4,-2.2,1014.7,2.6,0.0
PVU,4,8.9,-0.6,1015.3,2.6,0.0
PVU,5,15.0,3.9,1013.6,2.6,0.0
PVU,6,20.6,6.1,1011.5,2.6,0.0
PVU,7,25.0,7.2,1013.8,2.6,0.0
PVU,8,22.8,11.1,1014.8,2.6,0.0
PVU,9,18.9,5.0,1014.4,2.6,0.0
PVU,10,12.2,3.3,1019.3,2.1,0.0
PVU,11,3.3,-3.3,1022.0,2.1,0.0
PVU,12,1.7,-2.8,1024.5,2.1,0.0
PWM,1,-1.7,-7.2,1014.3,3.1,0.0
PWM,2,-1.7,-8.3,1015.0,3.6,0.0
PWM,3,2.8,-3.3,1015.1,4.1,0.0
PWM,4,7.2,1.1,1017.4,4.1,0.0
PWM,5,12.8,7.2,1015.0,4.1,0.0
PWM,6,18.3,13.9,1013.3,3.6,0.0
PWM,7,22.8,18.9,1014.1,3.1,0.0
PWM,8,20.6,16.1,1014.5,3.1,0.0
PWM,9,18.3,12.8,1019.1,3.1,0.0
PWM,10,13.3,8.3,1017.05,3.1,0.0
PWM,11,5.6,-1.1,1014.3,3.6,0.0
PWM,12,0.6,-4.4,1020.6500000000001,3.1,0.0
RAP,1,-3.3,-7.8,1020.4,3.6,0.0
RAP,2,-1.1,-6.7,1017.5,4.1,0.0
RAP,3,1.1,-5.6,1014.2,4.6,0.0
RAP,4,7.2,-2.2,1015.0,5.1,0.0
RAP,5,13.9,6.1,1013.5,4.6,0.0
RAP,6,20.6,11.7,1012.2,4.1,0.0
RAP,7,24.4,13.3,1014.3,4.1,0.0
RAP,8,23.9,12.8,1015.4,4.1,0.0
RAP,9,21.1,8.3,1013.05,4.1,0.0
RAP,10,12.8,0.6,1017.1500000000001,4.6,0.0
RAP,11,4.4,-5.6,1017.3,3.6,0.0
RAP,12,1.7,-6.1,1019.4,4.1,0.0
RDD,1,10.0,2.8,1021.1,2.6,0.0
RDD,2,11.1,2.8,1017.6500000000001,2.6,0.0
RDD,3,12.2,4.4,1015.0,2.6,0.0
RDD,4,18.9,5.6,1015.1,2.6,0.0
RDD,5,26.1,7.2,1011.6,2.6,0.0
RDD,6,31.7,7.8,1009.3,3.1,0.0
RDD,7,34.7,9.4,1010.2,3.6,0.0
RDD,8,33.3,8.9,1011.3,3.1,0.0
RDD,9,28.3,7.2,1010.2,2.6,0.0
RDD,10,22.8,5.0,1013.9,2.1,0.0
RDD,11,12.8,3.3,1017.5,2.1,0.0
RDD,12,11.1,5.6,1020.3,1.5,0.0
RDM,1,2.8,-3.3,1021.2,2.6,0.0
RDM,2,2.8,-3.3,1016.4,2.6,0.0
RDM,3,5.0,-3.3,1013.0,3.1,0.0
RDM,4,8.3,-2.2,1017.7,3.1,0.0
RDM,5,13.3,2.2,1015.9,3.1,0.0
RDM,6,20.6,2.8,1014.5,3.1,0.0
RDM,7,26.7,5.0,1014.9,2.6,0.0
RDM,8,23.3,6.1,1015.5,2.6,0.0
RDM,9,17.8,3.9,1014.7,2.6,0.0
RDM,10,10.0,1.7,1018.0,2.6,0.0
RDM,11,6.1,-1.1,1017.4,2.6,0.0
RDM,12,4.4,-0.6,1019.9,2.6,0.0
RDU,1,7.8,-2.2,1019.5,2.6,0.0
RDU,2,10.6,1.1,1018.9,3.1,0.0
RDU,3,14.4,3.3,1016.5,3.1,0.0
RDU,4,19.4,10.6,1017.7,3.6,0.0
RDU,5,21.7,15.0,1015.0,3.1,0.0
RDU,6,27.2,18.9,1014.4,2.6,0.0
RDU,7,28.3,22.2,1015.9,2.6,0.0
RDU,8,26.7,21.1,1015.0,2.6,0.0
RDU,9,23.3,18.3,1016.3,2.6,0.0
RDU,10,18.3,10.0,1019.3499999999999,2.1,0.0
RDU,11,13.9,4.4,1019.2,2.1,0.0
RDU,12,9.4,0.6,1023.1,2.1,0.0
RFD,1,-2.2,-5.6,1020.95,4.1,0.0
RFD,2,1.7,-4.4,1018.4,4.1,0.0
RFD,3,5.3,-1.9500000000000002,1015.1,4.6,0.0
RFD,4,11.7,1.7,1015.4,4.6,0.0
RFD,5,18.9,8.3,1015.7,3.1,0.0
RFD,6,24.4,15.0,1013.9,3.1,0.0
RFD,7,24.4,18.6,1015.9,2.6,0.0
RFD,8,23.9,18.3,1016.45,2.85,0.0
RFD,9,22.2,13.600000000000001,1018.95,3.1,0.0
RFD,10,14.15,5.6,1019.0,4.1,0.0
RFD,11,7.2,1.1,1018.1,4.1,0.0
RFD,12,2.2,-1.7,1018.9,3.35,0.0
RHI,1,,,,,
RHI,2,,,,,
RHI,3,,,,,
RHI,4,,,,,
RHI,5,,,,,
RHI,6,,,,,
RHI,7,,,,,
RHI,8,,,,,
RHI,9,,,,,
RHI,10,,,,,
RHI,11,,,,,
RHI,12,,,,,
RIC,1,,,,,
RIC,2,,,,,
RIC,3,,,,,
RIC,4,,,,,
RIC,5,,,,,
RIC,6,,,,,
RIC,7,,,,,
RIC,8,,,,,
RIC,9,,,,,
RIC,10,,,,,
RIC,11,,,,,
RIC,12,,,,,
RIW,1,,,,,
RIW,2,,,,,
RIW,3,,,,,
RIW,4,,,,,
RIW,5,,,,,
RIW,6,,,,,
RIW,7,,,,,
RIW,8,,,,,
RIW,9,,,,,
RIW,10,,,,,
RIW,11,,,,,
RIW,12,,,,,
RKS,1,,,,,
RKS,2,,,,,
RKS,3,,,,,
RKS,4,,,,,
RKS,5,,,,,
RKS,6,,,,,
RKS,7,,,,,
RKS,8,,,,,
RKS,9,,,,,
RKS,10,,,,,
RKS,11,,,,,
RKS,12,,,,,
RNO,1,2.8,-5.6,1021.8,1.5,0.0
RNO,2,4.4,-5.0,1017.0,2.1,0.0
RNO,3,5.6,-4.4,1013.7,3.1,0.0
RNO,4,12.2,-3.3,1014.4,2.6,0.0
RNO,5,17.2,-0.6,1012.9,2.6,0.0
RNO,6,22.8,2.8,1011.4,2.1,0.0
RNO,7,27.2,2.8,1013.2,2.1,0.0
RNO,8,25.6,3.9,1013.8,2.1,0.0
RNO,9,20.0,1.7,1013.4,1.5,0.0
RNO,10,12.8,-0.6,1017.4,1.5,0.0
RNO,11,6.1,-5.6,1018.4,1.5,0.0
RNO,12,5.6,-2.8,1022.0,1.5,0.0
ROA,1,4.4,-3.9,1019.7,3.1,0.0
ROA,2,9.4,-1.7,1018.1,3.1,0.0
ROA,3,11.1,-0.6,1016.5,3.6,0.0
ROA,4,16.7,6.1,1017.4,3.1,0.0
ROA,5,19.4,12.5,1015.6,2.6,0.0
ROA,6,23.9,15.6,1014.3,2.6,0.0
ROA,7,26.7,19.4,1016.4,2.6,0.0
ROA,8,25.0,17.8,1015.5,2.6,0.0
ROA,9,21.1,15.3,1017.9,2.1,0.0
ROA,10,16.1,6.1,1020.1500000000001,2.1,0.0
ROA,11,11.1,1.7,1019.7,2.6,0.0
ROA,12,5.6,-2.2,1023.5,2.6,0.0
ROC,1,-0.6,-4.4,1017.1,4.1,0.0
ROC,2,-0.6,-5.6,1016.7,4.6,0.0
ROC,3,2.8,-2.8,1015.3,4.6,0.0
ROC,4,9.4,1.7,1015.9,4.6,0.0
ROC,5,15.0,7.8,1015.6,3.6,0.0
ROC,6,20.6,13.9,1014.1,3.6,0.0
ROC,7,23.3,17.8,1014.9,3.1,0.0
ROC,8,21.7,15.6,1015.3,3.6,0.0
ROC,9,18.9,13.3,1019.1,3.1,0.0
ROC,10,12.2,6.7,1018.5,3.6,0.0
ROC,11,6.7,-0.6,1017.0,4.1,0.0
ROC,12,2.2,-1.1,1019.2,3.6,0.0
ROW,1,3.9,-5.6,1017.7,2.6,0.0
ROW,2,6.4,-4.4,1015.2,2.85,0.0
ROW,3,12.2,-4.15,1010.3,3.6,0.0
ROW,4,14.15,-1.7,1010.4,3.6,0.0
ROW,5,21.7,4.4,1007.9,3.1,0.0
ROW,6,27.2,13.3,1007.9,3.6,0.0
ROW,7,28.9,14.4,1011.45,3.1,0.0
ROW,8,29.15,12.8,1012.05,3.1,0.0
ROW,9,26.7,10.6,1011.45,3.1,0.0
ROW,10,19.4,3.9,1014.9,3.1,0.0
ROW,11,11.95,0.8500000000000001,1015.7,2.6,0.0
ROW,12,9.15,-3.9,1018.75,2.1,0.0
RST,1,-5.3,-7.2,1018.7,5.1,0.0
RST,2,-1.7,-5.6,1015.55,5.7,0.0
RST,3,0.6,-4.4,1016.9,5.7,0.0
RST,4,7.2,0.6,1012.9,6.7,0.0
RST,5,15.6,6.7,1014.7,4.6,0.0
RST,6,21.1,14.4,1012.5,4.1,0.0
RST,7,22.2,17.2,1014.4,3.6,0.0
RST,8,21.1,16.1,1016.8,3.6,0.0
RST,9,19.4,12.8,1017.2,3.6,0.0
RST,10,11.1,3.9,1017.0,5.1,0.0
RST,11,4.4,-0.6,1017.55,5.1,0.0
RST,12,-1.7,-3.9,1017.4,4.6,0.0
RSW,1,19.4,12.8,1019.9,3.6,0.0
RSW,2,23.3,17.8,1019.4,3.6,0.0
RSW,3,23.9,17.2,1016.8,3.6,0.0
RSW,4,26.1,17.8,1017.4,4.1,0.0
RSW,5,28.9,21.1,1014.4,3.1,0.0
RSW,6,28.9,23.3,1015.2,3.1,0.0
RSW,7,30.0,24.4,1017.2,2.6,0.0
RSW,8,30.0,24.4,1015.0,3.6,0.0
RSW,9,29.4,23.9,1013.1,2.6,0.0
RSW,10,26.1,20.0,1014.7,4.1,0.0
RSW,11,23.9,18.3,1016.0,3.6,0.0
RSW,12,20.6,15.6,1019.6,3.6,0.0
SAF,1,,,,,
SAF,2,,,,,
SAF,3,,,,,
SAF,4,,,,,
SAF,5,,,,,
SAF,6,,,,,
SAF,7,,,,,
SAF,8,,,,,
SAF,9,,,,,
SAF,10,,,,,
SAF,11,,,,,
SAF,12,,,,,
SAN,1,15.0,7.8,1019.8,2.1,0.0
SAN,2,15.0,9.4,1018.3,2.6,0.0
SAN,3,15.0,9.4,1018.3,3.1,0.0
SAN,4,16.1,10.6,1016.7,3.1,0.0
SAN,5,17.2,12.2,1015.1,3.1,0.0
SAN,6,18.9,13.9,1013.7,3.1,0.0
SAN,7,21.1,16.7,1014.3,3.1,0.0
SAN,8,22.8,17.8,1014.3,3.1,0.0
SAN,9,21.7,16.1,1012.9,3.1,0.0
SAN,10,20.0,15.0,1014.6,2.6,0.0
SAN,11,17.8,8.9,1017.0,2.1,0.0
SAN,12,15.6,10.6,1019.6,2.1,0.0
SAT,1,12.2,1.7,1019.7,3.6,0.0
SAT,2,16.1,7.8,1017.4,3.6,0.0
SAT,3,20.6,13.3,1012.7,4.1,0.0
SAT,4,22.8,16.7,1012.4,4.6,0.0
SAT,5,26.1,20.0,1010.4,3.6,0.0
SAT,6,28.9,22.2,1011.0,4.1,0.0
SAT,7,28.9,22.0,1014.2,3.6,0.0
SAT,8,32.2,21.1,1013.5,3.1,0.0
SAT,9,30.0,20.0,1011.9,3.1,0.0
SAT,10,24.4,16.1,1015.5,3.6,0.0
SAT,11,17.8,11.1,1016.6,3.1,0.0
SAT,12,16.1,6.7,1019.8,3.1,0.0
SAV,1,11.7,2.2,1021.0,3.6,0.0
SAV,2,15.6,7.8,1020.0,3.6,0.0
SAV,3,17.8,10.0,1017.3,3.6,0.0
SAV,4,22.2,14.4,1018.8,4.1,0.0
SAV,5,25.0,17.8,1014.9,3.6,0.0
SAV,6,28.3,20.6,1014.7,3.6,0.0
SAV,7,29.4,22.8,1016.6,3.1,0.0
SAV,8,28.9,22.8,1015.5,3.1,0.0
SAV,9,26.1,20.0,1015.1,3.6,0.0
SAV,10,22.2,14.4,1018.4,3.6,0.0
SAV,11,17.8,11.1,1019.0,3.1,0.0
SAV,12,13.3,5.6,1022.9,3.6,0.0
SBA,1,,,,,
SBA,2,,,,,
SBA,3,,,,,
SBA,4,,,,,
SBA,5,,,,,
SBA,6,,,,,
SBA,7,,,,,
SBA,8,,,,,
SBA,9,,,,,
SBA,10,,,,,
SBA,11,,,,,
SBA,12,,,,,
SBN,1,-1.1,-5.0,1019.8499999999999,4.6,0.0
SBN,2,0.0,-4.4,1018.1,4.6,0.0
SBN,3,4.4,-2.2,1014.6,5.1,0.0
SBN,4,10.0,2.2,1015.95,4.6,0.0
SBN,5,16.1,8.3,1014.6,3.6,0.0
SBN,6,22.2,15.0,1014.0,3.6,0.0
SBN,7,23.9,17.8,1015.7,3.1,0.0
SBN,8,22.8,17.2,1016.1,3.1,0.0
SBN,9,19.4,13.3,1018.6,2.6,0.0
SBN,10,13.3,6.1,1018.4,3.6,0.0
SBN,11,7.8,1.7,1017.9,4.6,0.0
SBN,12,2.8,-1.1,1020.0,4.1,0.0
SBP,1,12.8,6.1,1019.9,2.1,0.0
SBP,2,13.3,7.2,1017.9,2.6,0.0
SBP,3,13.3,7.8,1017.5,3.1,0.0
SBP,4,14.4,8.9,1016.7,3.6,0.0
SBP,5,15.6,10.0,1014.6,3.1,0.0
SBP,6,17.8,11.1,1013.4,3.1,0.0
SBP,7,20.0,12.2,1014.1,3.1,0.0
SBP,8,21.7,12.8,1014.3,2.6,0.0
SBP,9,20.6,12.8,1012.9,2.6,0.0
SBP,10,19.4,11.1,1014.75,3.1,0.0
SBP,11,16.7,5.0,1017.3,2.6,0.0
SBP,12,15.6,7.2,1020.05,2.1,0.0
SCC,1,-21.1,-23.05,1014.5,6.7,0.0
SCC,2,-24.4,-27.2,1015.7,5.7,0.0
SCC,3,-23.3,-24.4,1018.7,5.1,0.0
SCC,4,-16.1,-18.05,1017.9,5.7,0.0
SCC,5,-4.4,-6.7,1014.8,4.1,0.0
SCC,6,3.3,0.6,1014.1,4.6,0.0
SCC,7,8.9,6.7,1012.5,4.6,0.0
SCC,8,8.05,5.6,1008.6500000000001,4.35,0.0
SCC,9,2.8,1.1,1006.2,3.6,0.0
SCC,10,-4.4,-6.1,1012.0,6.2,0.0
SCC,11,-10.6,-13.9,1012.3,6.7,0.0
SCC,12,-19.4,-22.2,1008.15,4.6,0.0
SCE,1,1.0,-3.9,,3.1,0.3
SCE,2,2.0,-6.0,,3.1,0.3
SCE,3,4.0,-4.0,,3.6,2.4
SCE,4,11.0,3.15,,3.1,1.0
SCE,5,16.0,8.5,,2.6,0.3
SCE,6,22.0,13.0,,2.6,
SCE,7,25.0,18.0,,2.1,
SCE,8,22.0,17.0,,2.6,
SCE,9,19.0,13.0,,2.6,
SCE,10,14.0,6.0,,3.1,
SCE,11,7.0,-1.0,,3.1,
SCE,12,3.0,-1.0,,2.6,
SCK,1,11.1,6.1,1020.45,3.1,0.0
SCK,2,11.7,6.1,1018.4,3.1,0.0
SCK,3,12.2,6.7,1017.0,3.1,0.0
SCK,4,17.2,8.3,1015.9,4.1,0.0
SCK,5,23.3,10.0,1012.75,4.6,0.0
SCK,6,27.8,10.6,1011.0,4.6,0.0
SCK,7,30.6,12.2,1011.95,4.1,0.0
SCK,8,30.0,12.8,1012.5,3.6,0.0
SCK,9,25.0,11.7,1011.3,3.1,0.0
SCK,10,22.2,9.15,1014.6,2.6,0.0
SCK,11,14.15,4.4,1018.2,2.1,0.0
SCK,12,11.95,8.3,1020.8499999999999,2.1,0.0
SDF,1,2.8,-3.3,1021.0,3.6,0.0
SDF,2,7.2,-1.7,1017.5,3.6,0.0
SDF,3,11.1,0.2,1015.9,4.1,0.0
SDF,4,16.7,6.1,1016.5,4.1,0.0
SDF,5,20.6,13.3,1014.4,3.6,0.0
SDF,6,25.6,17.2,1013.8,3.1,0.0
SDF,7,27.2,20.6,1015.6,3.1,0.0
SDF,8,26.1,18.3,1015.1,3.1,0.0
SDF,9,23.3,15.0,1017.0,2.6,0.0
SDF,10,17.2,7.2,1019.2,2.6,0.0
SDF,11,11.1,2.2,1019.0,3.6,0.0
SDF,12,7.2,-0.6,1021.1,3.6,0.0
SEA,1,5.6,2.2,1019.9,3.1,0.0
SEA,2,6.1,1.7,1017.3,3.6,0.0
SEA,3,7.8,2.8,1014.3,3.6,0.0
SEA,4,10.0,3.9,1019.2,3.6,0.0
SEA,5,13.3,6.7,1019.0,3.6,0.0
SEA,6,16.1,8.9,1018.0,3.6,0.0
SEA,7,20.0,10.6,1018.5,3.1,0.0
SEA,8,19.4,12.2,1018.0,3.6,0.0
SEA,9,16.1,11.1,1016.8,3.1,0.0
SEA,10,12.2,8.3,1018.6,3.1,0.0
SEA,11,7.8,3.9,1017.5,3.1,0.0
SEA,12,7.2,3.9,1017.7,3.1,0.0
SFB,1,16.7,9.4,1020.9,3.6,0.0
SFB,2,20.0,13.9,1020.1,3.6,0.0
SFB,3,22.2,14.4,1017.2,4.1,0.0
SFB,4,25.0,16.1,1018.3,4.1,0.0
SFB,5,27.2,19.4,1014.9,3.1,0.0
SFB,6,28.3,22.2,1015.6,3.1,0.0
SFB,7,29.4,23.9,1017.1,2.6,0.0
SFB,8,29.4,23.9,1015.6,3.1,0.0
SFB,9,28.3,23.3,1013.6,3.1,0.0
SFB,10,25.0,18.9,1016.2,4.1,0.0
SFB,11,22.2,16.1,1017.7,3.6,0.0
SFB,12,18.3,13.3,1021.1,3.6,0.0
SFO,1,12.2,7.8,1021.2,2.6,0.0
SFO,2,11.7,7.8,1018.5,3.1,0.0
SFO,3,12.2,7.2,1017.3,4.6,0.0
SFO,4,13.3,8.3,1017.6,5.7,0.0
SFO,5,14.4,9.4,1015.2,5.7,0.0
SFO,6,15.6,10.6,1013.9,6.2,0.0
SFO,7,16.7,12.2,1014.6,5.7,0.0
SFO,8,17.8,12.8,1014.9,5.7,0.0
SFO,9,17.8,12.8,1013.4,4.6,0.0
SFO,10,17.8,11.7,1015.9,3.1,0.0
SFO,11,15.0,8.9,1018.2,2.6,0.0
SFO,12,13.3,10.0,1020.8,2.6,0.0
SGF,1,0.6,-3.9,1021.5,4.1,0.0
SGF,2,5.6,-1.1,1017.9,4.6,0.0
SGF,3,11.1,1.1,1014.5,5.7,0.0
SGF,4,15.6,7.2,1014.75,5.1,0.0
SGF,5,20.0,13.9,1014.0,3.6,0.0
SGF,6,25.0,18.9,1013.2,3.6,0.0
SGF,7,26.7,20.6,1015.4,3.6,0.0
SGF,8,25.6,20.0,1016.1,3.6,0.0
SGF,9,23.3,15.6,1015.9,3.6,0.0
SGF,10,18.3,7.8,1018.5,4.6,0.0
SGF,11,10.3,3.3,1019.2,4.1,0.0
SGF,12,7.2,0.0,1019.9,4.6,0.0
SGU,1,,,,,
SGU,2,,,,,
SGU,3,,,,,
SGU,4,,,,,
SGU,5,,,,,
SGU,6,,,,,
SGU,7,,,,,
SGU,8,,,,,
SGU,9,,,,,
SGU,10,,,,,
SGU,11,,,,,
SGU,12,,,,,
SHR,1,,,,,
SHR,2,,,,,
SHR,3,,,,,
SHR,4,,,,,
SHR,5,,,,,
SHR,6,,,,,
SHR,7,,,,,
SHR,8,,,,,
SHR,9,,,,,
SHR,10,,,,,
SHR,11,,,,,
SHR,12,,,,,
SHV,1,9.0,2.0,1022.0,3.6,0.0
SHV,2,14.0,6.1,1018.0,4.1,0.0
SHV,3,18.3,10.0,1016.5,4.1,0.0
SHV,4,22.0,15.0,1014.3,4.1,0.0
SHV,5,26.0,19.0,1013.1,3.1,0.0
SHV,6,29.4,22.0,1013.95,2.6,0.0
SHV,7,30.6,23.0,1016.0,2.6,0.0
SHV,8,33.0,21.7,1015.1,2.85,0.0
SHV,9,28.0,20.0,1013.8,3.1,0.0
SHV,10,23.0,14.0,1018.2,3.1,0.0
SHV,11,17.8,10.6,1017.3,3.1,0.0
SHV,12,13.0,4.0,1021.6,3.1,0.0
SIT,1,,,,,
SIT,2,,,,,
SIT,3,,,,,
SIT,4,,,,,
SIT,5,,,,,
SIT,6,,,,,
SIT,7,,,,,
SIT,8,,,,,
SIT,9,,,,,
SIT,10,,,,,
SIT,11,,,,,
SIT,12,,,,,
SJC,1,12.8,5.6,1020.8,2.6,0.0
SJC,2,12.2,5.6,1018.5,2.6,0.0
SJC,3,12.8,6.1,1017.3,3.6,0.0
SJC,4,15.0,7.2,1017.3,3.6,0.0
SJC,5,17.2,9.4,1014.6,3.6,0.0
SJC,6,19.4,11.1,1013.4,3.6,0.0
SJC,7,21.7,13.3,1014.2,3.1,0.0
SJC,8,22.8,13.9,1014.6,3.1,0.0
SJC,9,21.1,13.3,1013.0,2.6,0.0
SJC,10,20.0,10.6,1015.6,2.1,0.0
SJC,11,15.6,6.1,1018.2,2.1,0.0
SJC,12,13.9,7.2,1020.6,2.1,0.0
SJT,1,7.8,-1.7,1020.55,3.1,0.0
SJT,2,11.95,0.6,1017.4,4.1,0.0
SJT,3,16.1,3.9,1013.0,4.6,0.0
SJT,4,21.1,8.9,1012.1,5.1,0.0
SJT,5,23.9,16.1,1009.7,3.6,0.0
SJT,6,27.8,18.9,1010.0,4.6,0.0
SJT,7,27.2,18.9,1013.8499999999999,3.6,0.0
SJT,8,30.0,17.2,1013.4,4.1,0.0
SJT,9,25.0,17.8,1013.1,3.1,0.0
SJT,10,21.7,11.7,1016.0,3.6,0.0
SJT,11,14.4,8.9,1017.8,3.1,0.0
SJT,12,11.1,2.8,1020.7,3.1,0.0
SJU,1,26.7,21.7,1017.2,4.6,0.0
SJU,2,26.7,21.1,1017.3,5.1,0.0
SJU,3,26.7,21.1,1016.0,4.1,0.0
SJU,4,26.7,22.2,1015.0,4.6,0.0
SJU,5,28.3,23.3,1014.8,3.6,0.0
SJU,6,29.4,23.9,1016.1,4.6,0.0
SJU,7,29.4,24.4,1017.0,5.7,0.0
SJU,8,30.0,25.0,1015.1,5.1,0.0
SJU,9,30.6,25.0,1012.8,4.1,0.0
SJU,10,30.0,24.4,1012.1,3.1,0.0
SJU,11,27.8,23.9,1012.7,3.1,0.0
SJU,12,27.2,22.2,1014.9,3.6,0.0
SLC,1,1.1,-3.9,1022.0,3.1,0.0
SLC,2,3.3,-3.3,1017.0,3.6,0.0
SLC,3,6.7,-2.2,1013.6,4.1,0.0
SLC,4,12.2,-1.7,1013.9,3.6,0.0
SLC,5,18.9,2.2,1011.0,4.1,0.0
SLC,6,25.6,4.4,1009.0,3.6,0.0
SLC,7,30.6,5.6,1011.1,3.6,0.0
SLC,8,27.2,10.0,1012.9,3.6,0.0
SLC,9,23.3,5.6,1012.7,3.6,0.0
SLC,10,15.6,3.3,1017.0,3.1,0.0
SLC,11,5.6,-1.7,1019.9,2.6,0.0
SLC,12,2.8,-1.7,1023.6,2.6,0.0
SLN,1,,,,,
SLN,2,,,,,
SLN,3,,,,,
SLN,4,,,,,
SLN,5,,,,,
SLN,6,,,,,
SLN,7,,,,,
SLN,8,,,,,
SLN,9,,,,,
SLN,10,,,,,
SLN,11,,,,,
SLN,12,,,,,
SMF,1,11.1,5.6,1020.9,3.1,0.0
SMF,2,11.7,5.6,1018.3,3.1,0.0
SMF,3,12.8,6.7,1016.2,3.6,0.0
SMF,4,16.1,8.3,1015.6,3.1,0.0
SMF,5,20.6,9.4,1012.6,3.6,0.0
SMF,6,24.4,11.1,1010.8,4.1,0.0
SMF,7,26.7,12.2,1011.6,3.6,0.0
SMF,8,26.1,12.8,1012.6,3.1,0.0
SMF,9,23.3,11.1,1011.4,2.6,0.0
SMF,10,20.0,8.9,1014.9,2.6,0.0
SMF,11,13.3,5.0,1018.1,2.6,0.0
SMF,12,11.7,7.2,1021.1,2.1,0.0
SMX,1,13.9,7.2,1018.6,3.6,0.0
SMX,2,14.4,8.9,1017.5,4.6,0.0
SMX,3,13.9,8.3,1018.1,7.2,0.0
SMX,4,16.1,8.9,1018.25,5.1,0.0
SMX,5,16.1,10.0,1014.8,5.7,0.0
SMX,6,17.8,11.7,1013.5,5.7,0.0
SMX,7,18.9,13.3,1014.75,4.6,0.0
SMX,8,19.4,14.15,1014.7,5.1,0.0
SMX,9,20.6,14.4,1012.9,4.1,0.0
SMX,10,16.95,13.05,1014.6,3.1,0.0
SMX,11,16.7,7.8,1017.3,3.6,0.0
SMX,12,16.7,10.6,1019.7,4.1,0.0
SNA,1,15.6,6.7,1019.0,2.6,0.0
SNA,2,15.0,8.3,1017.6,2.6,0.0
SNA,3,15.3,8.3,1017.3,3.1,0.0
SNA,4,16.7,9.4,1015.8,3.1,0.0
SNA,5,17.8,11.7,1014.2,3.1,0.0
SNA,6,20.0,13.9,1012.9,3.1,0.0
SNA,7,22.2,15.6,1013.5,3.1,0.0
SNA,8,23.9,16.7,1013.5,3.1,0.0
SNA,9,22.2,15.0,1012.3,2.6,0.0
SNA,10,20.6,14.4,1013.5,2.1,0.0
SNA,11,18.3,6.7,1016.3,2.1,0.0
SNA,12,16.1,10.0,1018.8,1.5,0.0
SPI,1,1.7,-1.7,1018.1,4.1,0.0
SPI,2,3.3,-2.2,1019.75,4.6,0.0
SPI,3,6.1,0.0,1016.15,5.7,0.0
SPI,4,13.9,5.6,1015.7,4.6,0.0
SPI,5,19.7,10.6,1015.1,3.6,0.0
SPI,6,26.7,20.0,1013.4,3.6,0.0
SPI,7,28.9,21.7,1016.0,2.6,0.0
SPI,8,23.9,20.0,1014.6,2.6,0.0
SPI,10,18.9,8.600000000000001,1017.4,4.1,0.0
SPI,11,7.2,1.7,1021.3,3.6,0.0
SPI,12,4.7,1.1,1021.2,4.35,0.0
SPN,1,27.0,23.0,,6.2,
SPN,2,27.0,23.0,,6.2,
SPN,3,27.0,23.0,,6.2,
SPN,4,28.0,24.0,,6.2,
SPN,5,29.0,24.5,,5.4,
SPN,6,29.0,25.0,,4.6,
SPN,7,29.0,25.0,,4.1,
SPN,8,29.0,26.0,,3.1,
SPN,9,29.0,26.0,,3.6,
SPN,10,29.0,25.0,,4.6,
SPN,11,28.0,25.0,,5.7,
SPN,12,28.0,24.0,,6.7,
SPS,1,6.1,-2.2,1020.3499999999999,4.6,0.0
SPS,2,8.3,1.7,1017.5,5.1,0.0
SPS,3,14.4,4.4,1013.4,5.7,0.0
SPS,4,18.3,9.4,1013.1,6.2,0.0
SPS,5,22.2,16.1,1011.7,4.1,0.0
SPS,6,25.85,20.6,1010.9,4.1,0.0
SPS,7,27.2,20.0,1013.6,4.1,0.0
SPS,8,29.4,17.8,1013.35,4.1,0.0
SPS,9,24.4,16.7,1013.55,3.6,0.0
SPS,10,20.0,11.1,1016.2,4.6,0.0
SPS,11,14.4,6.1,1017.4000000000001,4.1,0.0
SPS,12,11.1,1.1,1019.5,4.35,0.0
SRQ,1,18.3,11.7,1020.2,4.1,0.0
SRQ,2,22.2,15.6,1019.7,4.6,0.0
SRQ,3,23.9,16.7,1017.1,4.6,0.0
SRQ,4,26.1,17.8,1017.9,5.1,0.0
SRQ,5,28.3,21.1,1014.8,4.6,0.0
SRQ,6,29.4,23.3,1015.2,4.1,0.0
SRQ,7,30.6,23.9,1017.1,3.6,0.0
SRQ,8,30.6,24.4,1015.0,3.6,0.0
SRQ,9,30.0,23.3,1013.0,3.6,0.0
SRQ,10,26.7,18.9,1015.5,4.1,0.0
SRQ,11,23.9,17.8,1016.7,4.1,0.0
SRQ,12,20.0,14.4,1020.4,4.1,0.0
STC,1,-6.1,-10.6,1017.8,4.1,0.0
STC,2,-3.9,-8.9,1018.5,4.6,0.0
STC,3,0.6,-5.85,1016.0,4.1,0.0
STC,4,7.2,-1.9500000000000002,1014.7,4.85,0.0
STC,5,20.0,5.0,1012.2,3.1,0.0
STC,6,22.8,15.0,1011.7,3.1,0.0
STC,7,25.6,18.6,1015.7,3.1,0.0
STC,8,22.2,13.899999999999999,1019.6,2.35,0.0
STC,10,9.7,4.45,1017.9,2.6,0.0
STC,11,5.85,-1.7,1019.1,4.35,0.0
STC,12,0.0,-2.8,1016.3,3.6,0.0
STL,1,2.2,-3.9,1022.3,4.1,0.0
STL,2,6.1,-2.2,1018.3,4.1,0.0
STL,3,10.6,0.6,1015.5,4.6,0.0
STL,4,16.1,5.6,1014.5,4.6,0.0
STL,5,21.7,12.2,1013.7,3.6,0.0
STL,6,26.7,17.2,1012.6,3.6,0.0
STL,7,27.8,20.6,1014.6,3.1,0.0
STL,8,26.1,18.9,1014.9,3.6,0.0
STL,9,23.9,15.0,1016.4,3.1,0.0
STL,10,18.3,6.7,1018.8,3.6,0.0
STL,11,10.6,1.7,1019.4,3.6,0.0
STL,12,6.7,0.0,1020.4,4.1,0.0
STS,1,12.2,6.7,1020.4,2.1,0.0
STS,2,12.2,6.1,1017.8,2.6,0.0
STS,3,12.8,6.7,1016.1,3.1,0.0
STS,4,16.7,8.9,1015.9,3.1,0.0
STS,5,19.4,10.0,1013.9,3.6,0.0
STS,6,20.6,11.1,1012.3,3.6,0.0
STS,7,21.7,12.2,1013.3,3.1,0.0
STS,8,23.9,13.3,1013.6,3.1,0.0
STS,9,21.95,12.8,1012.0,3.1,0.0
STS,10,20.0,8.9,1014.8,2.1,0.0
STS,11,14.4,6.7,1017.7,2.1,0.0
STS,12,12.8,8.9,1020.0,1.5,0.0
STT,1,27.8,21.7,1016.5,5.7,0.0
STT,2,27.8,21.0,1016.7,5.7,0.0
STT,3,28.3,21.7,1015.8,5.7,0.0
STT,4,28.9,22.2,1014.8,5.7,0.0
STT,5,30.0,23.9,1014.8,5.7,0.0
STT,6,30.6,24.4,1016.0,6.2,0.0
STT,7,31.1,24.4,1016.6,6.2,0.0
STT,8,31.1,25.6,1014.7,6.2,0.0
STT,9,31.1,26.1,1012.2,5.1,0.0
STT,10,30.6,25.6,1011.8,4.1,0.0
STT,11,28.9,24.4,1012.4,4.6,0.0
STT,12,28.3,22.2,1014.2,5.1,0.0
STX,1,28.3,21.7,1016.0,5.7,0.0
STX,2,28.3,21.1,1016.0,6.2,0.0
STX,3,29.4,21.7,1015.3,5.1,0.0
STX,4,28.9,21.7,1014.6,5.1,0.0
STX,5,30.0,23.9,1014.75,5.1,0.0
STX,6,30.6,23.9,1015.75,6.7,0.0
STX,7,30.6,24.4,1016.3,6.7,0.0
STX,8,31.7,25.0,1014.6,6.2,0.0
STX,9,32.2,25.0,1012.25,5.1,0.0
STX,10,31.7,25.0,1011.6,4.1,0.0
STX,11,30.0,24.4,1012.0,4.1,0.0
STX,12,28.9,22.2,1013.5,4.6,0.0
SUN,1,-4.0,-8.0,,3.1,
SUN,2,-3.0,-8.0,,3.6,1.8
SUN,3,-1.0,-7.0,,3.6,0.3
SUN,4,4.0,-3.0,,3.6,0.8
SUN,5,11.0,2.0,,4.1,0.3
SUN,6,14.0,5.0,,4.1,0.3
SUN,7,18.0,6.0,,4.6,
SUN,8,16.0,7.0,,4.6,0.5
SUN,9,13.0,4.0,,4.6,
SUN,10,8.0,1.0,,4.1,0.3
SUN,11,1.0,-5.0,,3.6,0.5
SUN,12,-1.0,-4.0,,3.6,0.2
SUX,1,-5.0,-7.8,1021.2,4.6,0.0
SUX,2,-1.7,-5.0,1017.65,4.6,0.0
SUX,3,2.2,-2.8,1014.7,5.7,0.0
SUX,4,10.0,1.7,1014.2,6.2,0.0
SUX,5,17.2,8.9,1014.45,4.1,0.0
SUX,6,22.8,16.1,1011.6,3.6,0.0
SUX,7,24.4,18.9,1013.9,3.1,0.0
SUX,8,22.5,18.05,1015.45,3.6,0.0
SUX,9,19.4,12.2,1015.95,4.1,0.0
SUX,10,12.5,5.0,1016.85,4.6,0.0
SUX,11,4.4,-0.8500000000000001,1018.1500000000001,4.1,0.0
SUX,12,-0.6,-3.3,1018.45,4.1,0.0
SWF,1,1.5,-0.5,,4.1,
SWF,2,2.0,-2.0,,0.0,
SWF,3,9.5,3.5,,4.35,
SWF,4,15.0,8.5,,4.4,
SWF,5,22.0,19.0,,5.1,
SWF,6,26.0,13.0,,4.6,
SWF,7,28.0,22.5,,3.8499999999999996,
SWF,8,21.0,20.0,,4.6,
SWF,9,15.0,14.0,,2.1,
SWF,10,,,,,
SWF,11,12.0,-3.0,,5.1,
SWF,12,0.0,-9.0,,0.0,
SWO,1,2.2,-3.3,1020.65,4.1,0.0
SWO,2,6.1,-0.6,1016.9,4.6,0.0
SWO,3,12.2,2.2,1013.3,4.6,0.0
SWO,4,17.2,7.8,1013.6,5.1,0.0
SWO,5,20.0,15.0,1012.85,3.1,0.0
SWO,6,25.6,19.4,1011.7,3.6,0.0
SWO,7,26.95,21.1,1013.95,3.6,0.0
SWO,8,27.8,20.0,1014.5,3.6,0.0
SWO,9,24.15,16.1,1014.2,3.1,0.0
SWO,10,20.0,7.8,1016.7,4.1,0.0
SWO,11,13.05,4.7,1018.25,4.1,0.0
SWO,12,8.9,0.0,1019.6,4.1,0.0
SYR,1,-0.6,-5.0,1015.9,4.1,0.0
SYR,2,-0.6,-6.7,1016.3,4.1,0.0
SYR,3,3.3,-3.9,1014.4,4.1,0.0
SYR,4,9.4,1.7,1015.2,4.1,0.0
SYR,5,16.1,8.3,1014.7,3.1,0.0
SYR,6,21.1,13.9,1013.5,3.1,0.0
SYR,7,24.4,17.8,1014.1,2.6,0.0
SYR,8,21.7,15.6,1014.5,3.1,0.0
SYR,9,19.4,13.3,1018.1,2.6,0.0
SYR,10,13.3,6.7,1017.7,3.1,0.0
SYR,11,5.6,-1.1,1016.5,3.6,0.0
SYR,12,2.2,-1.7,1018.4,3.1,0.0
TLH,1,12.2,3.9,1020.8,2.6,0.0
TLH,2,17.2,10.0,1020.1,2.6,0.0
TLH,3,19.4,11.7,1017.1,3.1,0.0
TLH,4,21.1,14.7,1018.4,3.1,0.0
TLH,5,24.4,18.9,1014.3,2.6,0.0
TLH,6,27.2,21.7,1014.05,2.6,0.0
TLH,7,27.8,23.3,1016.8,1.5,0.0
TLH,8,29.4,22.8,1015.3,2.6,0.0
TLH,9,26.1,21.7,1013.95,2.6,0.0
TLH,10,22.8,15.6,1017.8,2.6,0.0
TLH,11,18.9,13.9,1018.3,2.6,0.0
TLH,12,13.9,6.7,1022.5,2.6,0.0
TOL,1,0.6,-3.9,1019.8,4.1,0.0
TOL,2,1.7,-4.4,1017.2,4.6,0.0
TOL,3,6.7,-1.1,1015.2,4.6,0.0
TOL,4,12.2,1.7,1015.6,4.6,0.0
TOL,5,18.3,7.8,1015.8,4.1,0.0
TOL,6,22.5,14.4,1013.8,3.1,0.0
TOL,7,23.9,18.3,1015.5,2.1,0.0
TOL,8,22.8,17.8,1015.5,3.6,0.0
TOL,9,19.4,14.4,1017.6,2.6,0.0
TOL,10,13.9,6.7,1017.25,4.1,0.0
TOL,11,8.05,0.8500000000000001,1017.2,4.1,0.0
TOL,12,4.7,1.1,1020.35,3.1,0.0
TPA,1,17.2,10.6,1021.0,3.1,0.0
TPA,2,20.6,15.0,1020.3,3.1,0.0
TPA,3,22.2,16.1,1017.5,3.6,0.0
TPA,4,24.4,17.2,1018.1,3.6,0.0
TPA,5,27.8,20.6,1014.9,3.1,0.0
TPA,6,28.9,23.3,1015.3,3.1,0.0
TPA,7,30.0,24.4,1017.4,2.6,0.0
TPA,8,30.0,24.4,1015.5,2.6,0.0
TPA,9,28.9,23.9,1013.7,2.6,0.0
TPA,10,25.6,18.9,1016.1,3.1,0.0
TPA,11,22.8,17.2,1017.5,3.1,0.0
TPA,12,18.9,13.9,1021.1,3.1,0.0
TRI,1,,,,,
TRI,2,,,,,
TRI,3,,,,,
TRI,4,,,,,
TRI,5,,,,,
TRI,6,,,,,
TRI,7,,,,,
TRI,8,,,,,
TRI,9,,,,,
TRI,10,,,,,
TRI,11,,,,,
TRI,12,,,,,
TTN,1,2.2,-3.3,1016.8,3.1,0.0
TTN,2,3.3,-4.4,1016.4,3.1,0.0
TTN,3,7.8,-1.1,1014.1,4.1,0.0
TTN,4,12.2,4.4,1015.3,3.6,0.0
TTN,5,17.2,8.9,1014.2,3.1,0.0
TTN,6,22.8,15.0,1012.8499999999999,3.1,0.0
TTN,7,26.1,20.6,1013.5,2.6,0.0
TTN,8,23.3,17.8,1013.9,2.6,0.0
TTN,9,19.4,14.4,1016.45,3.1,0.0
TTN,10,14.4,7.8,1016.2,2.6,0.0
TTN,11,7.5,0.0,1018.0,3.1,0.0
TTN,12,4.4,-1.1,1020.6,2.6,0.0
TUL,1,2.8,-2.8,1021.4,3.6,0.0
TUL,2,7.2,0.0,1017.7,4.1,0.0
TUL,3,13.3,3.3,1014.0,5.1,0.0
TUL,4,17.8,8.3,1014.1,5.1,0.0
TUL,5,21.7,15.6,1013.3,3.1,0.0
TUL,6,27.8,20.0,1012.1,3.6,0.0
TUL,7,28.9,21.1,1014.6,4.1,0.0
TUL,8,28.3,21.05,1015.0,3.6,0.0
TUL,9,25.0,16.7,1014.8,3.1,0.0
TUL,10,19.4,8.9,1017.8,4.1,0.0
TUL,11,12.8,5.0,1019.1,3.6,0.0
TUL,12,8.3,0.6,1020.7,4.1,0.0
TUS,1,,,,,
TUS,2,,,,,
TUS,3,,,,,
TUS,4,,,,,
TUS,5,,,,,
TUS,6,,,,,
TUS,7,,,,,
TUS,8,,,,,
TUS,9,,,,,
TUS,10,,,,,
TUS,11,,,,,
TUS,12,,,,,
TVC,1,,,,,
TVC,2,,,,,
TVC,3,,,,,
TVC,4,,,,,
TVC,5,,,,,
TVC,6,,,,,
TVC,7,,,,,
TVC,8,,,,,
TVC,9,,,,,
TVC,10,,,,,
TVC,11,,,,,
TVC,12,,,,,
TWF,1,,,,,
TWF,2,,,,,
TWF,3,,,,,
TWF,4,,,,,
TWF,5,,,,,
TWF,6,,,,,
TWF,7,,,,,
TWF,8,,,,,
TWF,9,,,,,
TWF,10,,,,,
TWF,11,,,,,
TWF,12,,,,,
TXK,1,8.3,1.1,1020.9,3.6,0.0
TXK,2,12.2,3.9,1018.9,3.6,0.0
TXK,3,16.7,7.2,1015.6,3.6,0.0
TXK,4,20.0,11.7,1015.3,3.6,0.0
TXK,5,23.3,17.8,1013.5,2.6,0.0
TXK,6,27.8,21.1,1012.7,2.6,0.0
TXK,7,28.6,22.8,1016.0,2.6,0.0
TXK,8,30.0,21.1,1015.05,2.6,0.0
TXK,9,23.9,18.9,1015.1,2.6,0.0
TXK,10,20.0,13.3,1017.6,3.1,0.0
TXK,11,14.4,7.2,1019.5,3.1,0.0
TXK,12,11.1,1.7,1021.1,3.6,0.0
TYR,1,,,,,
TYR,2,,,,,
TYR,3,,,,,
TYR,4,,,,,
TYR,5,,,,,
TYR,6,,,,,
TYR,7,,,,,
TYR,8,,,,,
TYR,9,,,,,
TYR,10,,,,,
TYR,11,,,,,
TYR,12,,,,,
TYS,1,3.9,-2.2,1021.0,2.6,0.0
TYS,2,10.0,0.6,1018.7,3.1,0.0
TYS,3,12.8,2.2,1015.9,3.1,0.0
TYS,4,16.7,9.4,1017.8,3.1,0.0
TYS,5,20.0,15.0,1015.1,3.1,0.0
TYS,6,25.6,18.3,1014.2,2.6,0.0
TYS,7,27.2,20.6,1016.4,2.6,0.0
TYS,8,26.1,20.0,1015.7,2.6,0.0
TYS,9,23.3,16.7,1016.0,2.1,0.0
TYS,10,17.8,9.4,1019.1500000000001,2.1,0.0
TYS,11,12.8,6.1,1019.4,2.6,0.0
TYS,12,7.2,0.6,1022.8,2.6,0.0
VCT,1,13.3,6.1,1020.7,4.1,0.0
VCT,2,16.7,11.1,1017.7,4.6,0.0
VCT,3,20.6,16.4,1013.65,4.1,0.0
VCT,4,23.3,18.3,1013.1500000000001,4.6,0.0
VCT,5,25.6,22.2,1010.8,3.8499999999999996,0.0
VCT,6,26.1,23.9,1011.7,3.1,0.0
VCT,7,26.1,23.9,1015.1,3.1,0.0
VCT,8,27.2,23.9,1014.1,2.6,0.0
VCT,9,26.1,22.2,1011.6,2.85,0.0
VCT,10,22.8,17.2,1014.9,3.1,0.0
VCT,11,17.2,13.3,1016.0,3.6,0.0
VCT,12,16.4,10.85,1020.6,3.1,0.0
VEL,1,,,,,
VEL,2,,,,,
VEL,3,,,,,
VEL,4,,,,,
VEL,5,,,,,
VEL,6,,,,,
VEL,7,,,,,
VEL,8,,,,,
VEL,9,,,,,
VEL,10,,,,,
VEL,11,,,,,
VEL,12,,,,,
VLD,1,,,,,
VLD,2,,,,,
VLD,3,,,,,
VLD,4,,,,,
VLD,5,,,,,
VLD,6,,,,,
VLD,7,,,,,
VLD,8,,,,,
VLD,9,,,,,
VLD,10,,,,,
VLD,11,,,,,
VLD,12,,,,,
VPS,1,12.8,3.4,1021.4,3.6,0.0
VPS,2,17.7,10.4,1020.3,3.6,0.0
VPS,3,19.8,13.5,1017.6,4.1,0.0
VPS,4,22.5,17.0,1018.9,4.6,0.0
VPS,5,26.3,20.2,1015.2,3.6,0.0
VPS,6,28.7,22.4,1015.5,3.6,0.0
VPS,7,30.1,23.8,1017.2,3.1,0.0
VPS,8,31.7,23.3,1015.8,3.1,0.0
VPS,9,27.1,21.4,1014.5,3.1,0.0
VPS,10,23.6,15.2,1018.2,3.1,0.0
VPS,11,20.3,14.2,1018.6,3.6,0.0
VPS,12,14.9,7.2,1022.4,3.1,0.1833333333333333
WRG,1,,,,,
WRG,2,,,,,
WRG,3,,,,,
WRG,4,,,,,
WRG,5,,,,,
WRG,6,,,,,
WRG,7,,,,,
WRG,8,,,,,
WRG,9,,,,,
WRG,10,,,,,
WRG,11,,,,,
WRG,12,,,,,
WYS,5,13.0,1.0,,3.6,0.55
WYS,6,17.5,3.0,,4.1,0.4
WYS,7,24.0,3.0,,4.6,0.3
WYS,8,21.5,6.0,,3.6,0.5
WYS,9,16.0,2.0,,4.1,0.3
WYS,10,14.0,1.0,,4.1,
XNA,1,,,,,
XNA,2,,,,,
XNA,3,,,,,
XNA,4,,,,,
XNA,5,,,,,
XNA,6,,,,,
XNA,7,,,,,
XNA,8,,,,,
XNA,9,,,,,
XNA,10,,,,,
XNA,11,,,,,
XNA,12,,,,,
YAK,1,1.1,0.0,1008.6,2.1,0.0
YAK,2,0.6,-1.9500000000000002,1010.0,2.1,0.0
YAK,3,3.9,-0.6,1009.4,3.1,0.0
YAK,4,7.2,1.7,1011.75,3.6,0.0
YAK,5,10.0,4.4,1013.9,3.6,0.0
YAK,6,13.3,8.9,1017.2,3.1,0.0
YAK,7,15.0,11.7,1017.8,3.1,0.0
YAK,8,15.0,11.7,1017.95,3.1,0.0
YAK,9,12.2,9.4,1010.4,3.1,0.0
YAK,10,8.05,5.0,1007.3,2.6,0.0
YAK,11,3.9,1.7,1004.6500000000001,3.1,0.2
YAK,12,1.7,-1.1,1002.2,2.1,0.0
YUM,1,,,,,
YUM,2,,,,,
YUM,3,,,,,
YUM,4,,,,,
YUM,5,,,,,
YUM,6,,,,,
YUM,7,,,,,
YUM,8,,,,,
YUM,9,,,,,
YUM,10,,,,,
YUM,11,,,,,
YUM,12,,,,,
